,Operator Name,Picture Link,health,speed,difficulty,BREACH,INTEL,ANTI-GADGET,FRONT LINE,MAP CONTROL,SUPPORT,Operator Unique Ability,Unique Ability Description,Type,ANTI-ENTRY,TRAPPER,CROWD CONTROL
0,TUBARÃO,https://staticctf.ubisoft.com/J3yJr34U2pZ2Ieem48Dwy9uqj5PNUQTn/1ceva9aObGqSk9C9UNehdK/8541f4312f3b363c0692b7ce19e40725/r6s-operators-list-tubarao.png,2,2,0,,0,1,,,0,ZOTO CANISTER,"Feel the chill of the new Zoto Canister. The Zoto Canister is a throwable device that can slow enemies, freeze devices to pause their deployment and prevent use, and even leave footprints behind if the frozen area is walked on.",Defender,1.0,0.0,0.0
1,FENRIR,https://staticctf.ubisoft.com/J3yJr34U2pZ2Ieem48Dwy9uqj5PNUQTn/336St2UBdDDhJnI1Nbcqo9/845b0822369af2bb64e2ff7f2e7292f9/r6s-operators-list-fenrir.png,2,2,3,,0,0,,,0,F-NATT DREAD MINE,"The F-NATT DREAD MINE is a throwable device that sticks to walls, so it can be hidden in places where fear can fester. Fenrir comes equipped with 5 mines and can activate 3 at a time anywhere on the map.",Defender,0.0,1.0,1.0
2,SOLIS,https://staticctf.ubisoft.com/J3yJr34U2pZ2Ieem48Dwy9uqj5PNUQTn/2OV2K9FVqJdSNAogr0Wpod/62f2016a6c660714eb9a3c4a1f8196d4/r6s-operators-list-solis.png,2,2,3,,1,0,,,1,SPEC-IO ELECTRO-SENSOR,"The truth comes to light with Solis' SPEC-IO Electro-Sensor, a new gadget detection device for Defense operatives. With the ability to mark and ping opponents' electronic devices, there is nowhere to hide.",Defender,0.0,0.0,0.0
3,AZAMI,https://staticctf.ubisoft.com/J3yJr34U2pZ2Ieem48Dwy9uqj5PNUQTn/5M7OGhXfAf5Q0Cdo1YJkRE/2e4c141357cf97d54c6840ee38f6bf76/r6s-operators-list-azami.png,2,2,3,,0,0,,,1,KIBA BARRIER,"The Kiba Barrier is a modified kunai that sticks to a surface after it's thrown and releases a material that first expands then solidifies, creating a bulletproof barrier to patch up those holes in your defenses.",Defender,1.0,0.0,0.0
4,THORN,https://staticctf.ubisoft.com/J3yJr34U2pZ2Ieem48Dwy9uqj5PNUQTn/7LbjnSD3wKQXWhoxSXv3vu/238defac906026c3763e93041e3d96f9/r6s-operators-list-thorn.png,2,2,1,,0,0,,,0,RAZORBLOOM SHELL,"The Razorbloom Shell sticks to a surface after it's thrown by Thorn. Shortly after detecting a nearby opponent, it automatically propels a set of sharp blades in all directions, delivering lethal damage.",Defender,1.0,1.0,0.0
5,THUNDERBIRD,https://staticctf.ubisoft.com/J3yJr34U2pZ2Ieem48Dwy9uqj5PNUQTn/3gadEIZqtSfsHstfPMe3bz/424c7e4c21276e99f41a8c75478aa5e5/r6s-operators-list-thunderbird.png,2,2,1,,0,0,,,1,KÓNA STATION,"When deployed on the ground, the Kóna Station acts as a point of safety for injured and downed Operators. All they have to do is approach the device, and the Kóna Station automatically boosts the Operator's HP or offers a revive.",Defender,0.0,0.0,0.0
6,ARUNI,https://staticctf.ubisoft.com/J3yJr34U2pZ2Ieem48Dwy9uqj5PNUQTn/4yfuWCW8O4ja2VqR9tXqaE/c8dd123a6405959cf4f091c3854c9d96/r6s-operators-list-aruni.png,3,1,2,,0,1,,,0,SURYA GATE,"Once in place, the gate projects a laser array capable of detecting anyone moving through it. When an intruder is detected, energy output to the laser increases, causing second- and third-degree burns. We spent nearly an hour tossing everything from wads of paper to pieces of fruit through until we found a setting that maximizes damage while limiting energy consumption.",Defender,1.0,0.0,0.0
7,MELUSI,https://staticctf.ubisoft.com/J3yJr34U2pZ2Ieem48Dwy9uqj5PNUQTn/1yoVAGw5rEQ8zPPHoQSDJb/b16a570fadb3342416c5c44847cc651a/r6s-operator-list-melusi.png,3,1,1,,1,0,,,0,BANSHEE SONIC DEFENSE,"The Banshee Sonic Defence is deployable on surfaces, much like Maestro’s Evil Eyes, but they don’t require any manual control. As soon as an opponent walks close enough to it, it will release its scream and slow them. It can be destroyed, but since it’s bulletproof, Attackers will have to dispense some utility or strike it up close.",Defender,0.0,0.0,1.0
8,ORYX,https://staticctf.ubisoft.com/J3yJr34U2pZ2Ieem48Dwy9uqj5PNUQTn/3JBOp3MXgGeuEwyoYrkuMi/b7aa3c4a3fa6f165135954aa30252838/r6s-operator-list-oryx.png,2,2,2,,0,0,,,1,REMAH DASH,"The Remah Dash speed allows him to roam efficiently and cover short distances with unprecedented swiftness. It can also be used to knock down opponents and dash through breakable walls, creating a wide opening. Be careful of the cost, though, as he loses health every time the Remah Dash is used for breaching.",Defender,0.0,0.0,0.0
9,WAMAI,https://staticctf.ubisoft.com/J3yJr34U2pZ2Ieem48Dwy9uqj5PNUQTn/2ZSUcKWczIo1w2WwzNan5B/98938e59a958117b46901c57fce98ae7/r6-operators-list-wamai_358318.png,2,2,2,,0,1,,,0,MAG-NET SYSTEM,"The Mag-NET System is a thrown, adhesive gadget. It sticks to surfaces and waits. Its function is to attract an opponent’s projectile to its position, and then self-destruct to detonate that projectile.",Defender,0.0,1.0,0.0
10,GOYO,https://staticctf.ubisoft.com/J3yJr34U2pZ2Ieem48Dwy9uqj5PNUQTn/1ylXIr2TxRcFMSKfRhXJXh/5202b0fdfbf43545e8c40a8232a438c3/r6-operators-list-goyo.png,2,2,2,,0,0,,,0,VOLCÁN CANISTER,"Like the ordinary Deployable Shield, the Volcán Shield provides cover and allows Defenders to block pathways, but Goyo turns up the heat with an attached incendiary bomb. From the front, however, there’s little indication of which it might be. Until someone shoots the bomb to make it explode, the shield continues to be an obstacle for the Attackers.",Defender,1.0,1.0,0.0
11,WARDEN,https://staticctf.ubisoft.com/J3yJr34U2pZ2Ieem48Dwy9uqj5PNUQTn/72pEJEYxwPGoW221XvdmAJ/ea79dbd58064cbc99a1514e1b1641586/r6-operators-list-warden.png,3,1,2,,1,1,,,0,GLANCE SMART GLASSES,"The Glance serves a function that was almost non-existent on the Defending team. With it active, Warden can see through smoke and turn around what could be a low-intel situation.
Activating his Smart Glasses can also prevent Warden from being blinded by flash effects, or cleanse an existing flash blindness, salvaging an otherwise dangerous few seconds.
However, the Glance’s thermal vision only works as long as Warden stays immobile; otherwise, he is affected by smoke the same as everyone else.
The Glance is a triggered effect, which must be restored through a cooldown after use.",Defender,0.0,0.0,0.0
12,MOZZIE,https://staticctf.ubisoft.com/J3yJr34U2pZ2Ieem48Dwy9uqj5PNUQTn/5NwXzotdPIQuvWugaam4JA/eaf8febf1432c5f2f015318c83890d93/r6-operators-list-mozzie_343537.png,2,2,2,,1,1,,,0,PEST LAUNCHER,"Mozzie’s launcher, Pests, are tiny 4-legged bots that can be used to target a single drone, or deployed into an area to prevent access by a drone. When launched, the Pest latches onto the nearest enemy drone and obscures its camera. It then initiates an override sequence to hack the drone and give control to Mozzie. Counter-intelligence is enabled with no risk of a counter hack. Single-use only, Pests self-destruct by dissolving into thin air once their target is in Mozzie’s control.",Defender,0.0,0.0,0.0
13,KAID,https://staticctf.ubisoft.com/J3yJr34U2pZ2Ieem48Dwy9uqj5PNUQTn/9ATWPlasUTzxyJMNlV9SM/16dd669d06990b12088660ffc77bd6b3/r6-operators-list-kaid.png,3,1,2,,0,1,,,0,"""RTILA"" ELECTROCLAW","Kaid’s ""Rtila"" Electroclaw can electrify reinforced walls and hatches, barbed wire, and deployable shields, making it tougher for the enemy to breach the Kasbah and any facility he’s tasked with protecting. He enters the field with two of these throwable gadgets. Once they’ve attached themselves to a surface, they each electrify metallic objects within a 0.75 meter radius.",Defender,1.0,0.0,0.0
14,CLASH,https://staticctf.ubisoft.com/J3yJr34U2pZ2Ieem48Dwy9uqj5PNUQTn/3tTgRbA9GdeLTmI1mPObsp/5b490d1e9021c37ffa59f3e6bc6f8c7e/r6-operators-list-clash.png,3,1,3,,1,0,,,0,CCE SHIELD,"Clash is the first defender with a shield. The CCE Shield is her primary weapon; she can swap to her secondary at any time, but to do so, she needs to put her shield away first. Her bulletproof extendable shield has the ability to slow down opponents by using a high voltage Charged Field Generator (CFG) that emanates directly in front of the shield in a cylindrical shape. Opponents caught in the CFG also sustain low damage over time. Effective use of the shield allows Clash to block entry points, and to prevent or delay a push by the Attackers.",Defender,0.0,0.0,1.0
15,MAESTRO,https://staticctf.ubisoft.com/J3yJr34U2pZ2Ieem48Dwy9uqj5PNUQTn/6QNXf9qRkqzOdsprj2SWgI/0c4cc3b9423cada4fed0ba5ae2c9c722/r6-operators-list-maestro.png,3,1,2,,1,1,,,0,EVIL EYE,"Maestro uses a remote-controlled turret firing high-energy laser beams. Once affixed to the floor or wall, Maestro can remote-surveil and provide overwatch in a location through the swivel-mounted camera. When the camera device breaks open to fire a laser beam the core is exposed to damage. Otherwise, the turret is unaffected by bullets and melee. Lastly, Evil Eye can see through smoke.",Defender,0.0,0.0,0.0
16,ALIBI,https://staticctf.ubisoft.com/J3yJr34U2pZ2Ieem48Dwy9uqj5PNUQTn/11nzEgSwdAXLow3kPl0wom/3fdf2b0aa1c1af7ef785d28cf5d80114/r6-operators-list-alibi.png,1,3,3,,1,0,,,0,PRISMA,"Prisma projects holograms identical to Alibi in an idle position. If you shoot or touch the holograms, you’ll be marked and pinged for the next few seconds. If Prisma is deployed outside, a false “Defender Outside” warning is triggered for Attackers. To add an element of surprise, Prisma conceals the identity of any Defender who ventures outside. Any bullet, melee, or explosives damages Prisma, and will shoot through the hologram. Be careful not to stand too close.",Defender,0.0,1.0,0.0
17,VIGIL,https://staticctf.ubisoft.com/J3yJr34U2pZ2Ieem48Dwy9uqj5PNUQTn/48ebOPwZWlyktdhawglqlI/819d0565c7f545e97526e4dda0a2f129/r6-operators-list-vigil.png,1,3,3,,0,1,,,0,ERC-7,"Chul Kyung’s quiet lethality in the field allows him to rely on his Electronic Rendering Cloak (ERC-7) to remain undetected.
The ERC-7 uses Diminished Reality technology to remove perceivable stimuli from its direct environment. Vigil carries a prototype in his backpack, which scans surrounding electronic devices and wipes his image from any cameras in view.",Defender,0.0,0.0,1.0
18,ELA,https://staticctf.ubisoft.com/J3yJr34U2pZ2Ieem48Dwy9uqj5PNUQTn/6110n4X8KghHzBtPrksrKD/28e78ce725b3d1cd35c6f0967c0524b8/r6-operators-list-ela.png,2,2,1,,0,0,,,0,GRZMOT MINE,"Inspired by the 1939 anti-tank Polish grenades used by the iconic Cichociemny during WWII, the sticky Grzmot mines can be anchored on surfaces, impairing hearing and causing a dizzying effect.
These concussion mines are triggered upon proximity, affecting anyone within its radius.",Defender,0.0,1.0,1.0
19,LESION,https://staticctf.ubisoft.com/J3yJr34U2pZ2Ieem48Dwy9uqj5PNUQTn/3woPDn0yMuXfkr2RYoymFj/964dfe9277e5299b0125c33b39e165d1/r6-operators-list-lesion.png,2,2,1,,0,0,,,0,GU MINES,"Gu mines were inspired by the sharp punji sticks used during the Vietnam War. Rubbed with toxic plants or feces, the stakes served to slow down enemy troops by causing severe infections in their camp.
Similarly, Gu mines inject a toxin that injure your opponent and limit their speed.",Defender,1.0,1.0,0.0
20,MIRA,https://staticctf.ubisoft.com/J3yJr34U2pZ2Ieem48Dwy9uqj5PNUQTn/2Q9Y4UXzkQfECOw5fX3QrI/bfd6532c840cb06a22e0196f2acfc462/r6-operators-list-mira.png,3,1,3,,1,0,,,1,BLACK MIRROR,"A specialized laminated glass, which when deployed with oxyacetylene can carve out a one-way mirror on any wall.
If the air pressure is disrupted, however, the glass is ejected and creates a daring opening for both defenders and attackers.",Defender,0.0,0.0,0.0
21,ECHO,https://staticctf.ubisoft.com/J3yJr34U2pZ2Ieem48Dwy9uqj5PNUQTn/7MdVMpafww11MfSVMEzyTK/4d4c5d92585c7cf11a28cbf9456e3d9e/r6-operators-list-echo.png,2,2,3,,1,0,,,0,YOKAI,"Equipped with an acoustic hailing device, this signature drone can fire ultrasonic bursts that disorient all targets in a given perimeter. Yokai also transmits a video feed to Echo, who keeps his immediate perimeter secure.
Embrace the power of technology and embody a turret Defender who can both hold up the siege and support roamers.",Defender,0.0,0.0,1.0
22,CAVEIRA,https://staticctf.ubisoft.com/J3yJr34U2pZ2Ieem48Dwy9uqj5PNUQTn/4RZ2Vwk7HozKMCtS5gFMp7/e1b930e3c80590a316939d9df0d88660/r6-operators-list-caveira.png,1,3,3,,1,0,,,0,SILENT STEP,"""The “Luison” is wrapped in a rock-based mineral fiber to both insulate and soundproof the silencer. This weapon allows Caveira to incapacitate her target discreetly and conduct an interrogation.
The “Luison” is not only formidable to neutralize your opponent while remaining undetected; it also ensures that no one gets away.",Defender,0.0,0.0,1.0
23,VALKYRIE,https://staticctf.ubisoft.com/J3yJr34U2pZ2Ieem48Dwy9uqj5PNUQTn/7xN3HJXPLVEmWA9PDnQzTV/613b19a897503161f2cf6fe7bbe3408e/r6-operators-list-valkyrie.png,2,2,2,,1,0,,,1,BLACK EYE,"Encased in a tinted silicone ball, coated in micro-suction cups, the quick deploy camera maintains a clear view thanks to the internal gyroscope that dictates the angle of the lens.
The suction cups allow the camera to adhere to any surface, while the gyroscope mounted lens stabilises the camera angle and focus.
The live video feed is available to all operators.",Defender,0.0,0.0,0.0
24,FROST,https://staticctf.ubisoft.com/J3yJr34U2pZ2Ieem48Dwy9uqj5PNUQTn/33qvDwvWy7y9VGw9k1RYWi/73c4b6e46575b2b649058e2e626c223a/r6-operators-list-frost.png,2,2,1,,0,0,,,0,WELCOME MAT,"The rubber mat and concealed metal jaws are bolted in place. When the pressure plate is engaged, two sets of jaws at ankle and shin height deploy, locking the person in place.
Operators who fall onto a Welcome Mat will be able to remove it from their leg by themselves or with the help of a teammate.",Defender,1.0,1.0,0.0
25,MUTE,https://staticctf.ubisoft.com/J3yJr34U2pZ2Ieem48Dwy9uqj5PNUQTn/4BWoDVmdDsgrI071YJwqyF/4bcf11da1e22bda96d130a0f0d4d5b48/r6-operators-list-mute.png,3,1,1,,0,1,,,0,SIGNAL DISRUPTOR,"Collapsible antennas
Device can be planted on floors
Digital display
Activation levers",Defender,0.0,0.0,1.0
26,SMOKE,https://staticctf.ubisoft.com/J3yJr34U2pZ2Ieem48Dwy9uqj5PNUQTn/2Tm9rzdq6j9cpdW9qjnnrw/10d42d14755002e1056d1a940841482c/r6-operators-list-smoke.png,2,2,2,,0,0,,,0,REMOTE GAS GRENADE,"Detonator
Remote receiver
Double-sided tape allows vertical or horizontal mounting",Defender,1.0,1.0,0.0
27,CASTLE,https://staticctf.ubisoft.com/J3yJr34U2pZ2Ieem48Dwy9uqj5PNUQTn/1ETv9XcrmgbAdYWDJ2ZIh0/3f5ad7d030ee411c041c524880176603/r6-operators-list-castle.png,2,2,2,,0,0,,,1,ARMOR PANEL,"Castle is an anchor and secure Operator, capable of creating defensive strongholds around the objective, controlling the flow of the attackers and slowing down their assault.
Castle's unique ability is to create reinforced barricades using the: UTP1-Universal Tactical Panel.",Defender,1.0,0.0,0.0
28,PULSE,https://staticctf.ubisoft.com/J3yJr34U2pZ2Ieem48Dwy9uqj5PNUQTn/1YQb5phSD3uYbWrqhCBJRU/06e5f689777224bf8ca6c7c5cad9db9d/r6-operators-list-pulse.png,1,3,3,,1,0,,,1,CARDIAC SENSOR,"Pulse is a roamer and intel Operator for a defending team. Thanks to his HB-5 Cardiac Sensor, Pulse can track attackers through surfaces, gathering valuable intel on their position.",Defender,0.0,0.0,0.0
29,DOC,https://staticctf.ubisoft.com/J3yJr34U2pZ2Ieem48Dwy9uqj5PNUQTn/2sCxLIpS9I19PKRz44Phj9/4f96411a556cc41597b8b3e83260cd21/r6-operators-list-doc.png,3,1,1,,0,0,,,1,STIM PISTOL,"Handheld, trigger-operated pistol
1mg dose of epinephrine, in a saline solution
The pistol is powered by a pressurized CO2 canister",Defender,0.0,0.0,0.0
30,ROOK,https://staticctf.ubisoft.com/J3yJr34U2pZ2Ieem48Dwy9uqj5PNUQTn/1aFTx0BJYAKAnS1vyNA7w6/b4fc6421d382c677aa0197f84131eaa5/r6-operators-list-rook.png,3,1,1,,0,0,,,1,ARMOR PACK,"Rook is an anchor and buff Operator, capable of providing a boost to the Defenders, giving them a valuable advantage in a firefight.",Defender,0.0,0.0,0.0
31,JÄGER,https://staticctf.ubisoft.com/J3yJr34U2pZ2Ieem48Dwy9uqj5PNUQTn/4kMW2lcoewGifRWbvQVjKy/8f974b5d26db81dc823ea602e31d6273/r6-operators-list-jager.png,2,2,2,,0,1,,,1,ACTIVE DEFENSE SYSTEM,Jager can help his team create a defensive stronghold before roaming the map to intercept flanking attackers. He is capable of destroying incoming projectiles due to his unique deployable gadget : the Active Defense System or ADS.,Defender,0.0,0.0,0.0
32,BANDIT,https://staticctf.ubisoft.com/J3yJr34U2pZ2Ieem48Dwy9uqj5PNUQTn/2cFHG0Xk93uoGrm5nTjDPE/2211339df9b36c1b0d9873e480d03fad/r6-operators-list-bandit.png,1,3,1,,0,1,,,0,SHOCK WIRE,"Bandit is a secure, anti-hard breacher and roamer, capable of denying key entry points for the attackers and defending the objective while on the move.",Defender,1.0,0.0,0.0
33,TACHANKA,https://staticctf.ubisoft.com/J3yJr34U2pZ2Ieem48Dwy9uqj5PNUQTn/5P9kGyOrnsu7lRyr9xC71t/53981da03fa36adf99adf61bc098bd4a/r6s-operators-list-tachanka.png,3,1,1,,0,0,,,0,SHUMIKHA LAUNCHER,"Tachanka’s new gadget, the Shumikha Launcher, is perfect for area denial and for covering unfavorable angles. Its heavy incendiary grenades can bounce multiple times, and their fuse timer only starts after the first bounce, giving them a lot of versatility.",Defender,1.0,0.0,1.0
34,KAPKAN,https://staticctf.ubisoft.com/J3yJr34U2pZ2Ieem48Dwy9uqj5PNUQTn/7MofnDHeL1uwsenBVjxplQ/1e5af8fe9cf6f36516c7f6e5d56fcac0/r6-operators-list-kapkan.png,2,2,1,,0,0,,,0,ENTRY DENIAL DEVICE,Kapkan is a trap Operator and a deadly addition to a Defending team. Kapkan is equipped with a Entry Denial Device (EDD-MK II). This trap is a packed C4 charge activated when motion is detected. It can be placed on door and window frames -- denying key entry points for attackers.,Defender,1.0,1.0,0.0
35,RAM,https://staticctf.ubisoft.com/J3yJr34U2pZ2Ieem48Dwy9uqj5PNUQTn/7uO4bXss6I8nCRVOxYKxEf/5be8def62a24cc353d1342296b9a5f27/r6s-operators-list-ram.png,3,1,2,1.0,0,0,0.0,0.0,0,BU-GI AUTO BREACHER,"Very little can stand in the way of the new BU-GI Auto Breacher. This deployable mini-tank destroys all breakable surfaces and devices in its way along a set path, leaving a trail of destruction in its wake.",Attacker,,,
36,BRAVA,https://staticctf.ubisoft.com/J3yJr34U2pZ2Ieem48Dwy9uqj5PNUQTn/7piw6czbaAsv6NnYXtJZay/02683e035ab9481bbe8cbf669113c84d/r6s-operators-list-brava.png,1,3,3,0.0,1,1,0.0,0.0,0,KLUDGE DRONE,"Brava's Kludge Drone is a sabotage tool capable of taking over opponents' devices. If the device can't be controlled, it's destroyed instead.",Attacker,,,
37,GRIM,https://staticctf.ubisoft.com/J3yJr34U2pZ2Ieem48Dwy9uqj5PNUQTn/7fwxcTrdNLQbXkfBJglLaN/38d901042d7debc709c266a46f856d7e/r6s-operators-list-grim.png,1,3,1,0.0,0,0,1.0,1.0,0,KAWAN HIVE LAUNCHER,"You've heard the buzz, and the Kawan Hive Launcher is here! Firing off a projectile releases a swarm of bots that track the location of opponents who walk through it. Just don't get them in your eyes.",Attacker,,,
38,SENS,https://staticctf.ubisoft.com/J3yJr34U2pZ2Ieem48Dwy9uqj5PNUQTn/1ieRqIy6e47QH48sTp1W4a/59f8188d94ae610bf76da26b4fef0b92/r6s-operators-list-sens.png,1,3,2,0.0,0,0,0.0,1.0,1,R.O.U. PROJECTOR SYSTEM,"R.O.U. Projector System rolls after it's thrown by Sens and drops small projectors to create a screen along its path. Although physical objects can still pass through the screen, it's highly flexible—cutting off multiple lines of sight at once.",Attacker,,,
39,OSA,https://staticctf.ubisoft.com/J3yJr34U2pZ2Ieem48Dwy9uqj5PNUQTn/3Dg95rvyhPtw588r60vIPM/75e609068a0b205cc4dbc7bf3e517f51/r6s-operators-list-osa.png,3,1,2,0.0,1,0,0.0,0.0,1,TALON-8 CLEAR SHIELD,"The transparent and bulletproof Talon-8 Shield can be carried by Osa or deployed on floors or window frames, giving her a protective line of sight while she formulates an attack strategy.",Attacker,,,
40,FLORES,https://staticctf.ubisoft.com/J3yJr34U2pZ2Ieem48Dwy9uqj5PNUQTn/3hXRjYHsrlFOocJjyxyYZY/29eb8f1ad9eab150518a053b775c336f/r6s-operators-list-flores.png,2,2,2,0.0,1,1,0.0,0.0,0,RCE-RATERO CHARGE,"Controlled from a distance, the RCE-Ratero Charge races forward while Flores scouts a location for its blast. Once triggered, the Ratero clutches onto the nearest surface, armors itself with a bulletproof shell, and explodes, destroying nearby gadgets and soft surfaces.",Attacker,,,
41,ZERO,https://staticctf.ubisoft.com/J3yJr34U2pZ2Ieem48Dwy9uqj5PNUQTn/24jDQIfDdVMLX5K54pKNe5/58dec3b1e7d32a637bc76560e0cf0385/r6s-operator-list-zero.png,1,3,0,0.0,1,1,0.0,0.0,0,ARGUS LAUNCHER,"Intel is crucial to a good attack strategy, and Zero is well aware of that. His Argus Launcher is equipped with very special cameras that can lodge themselves into breakable and reinforced surface to surveil either side.",Attacker,,,
42,ACE,https://staticctf.ubisoft.com/J3yJr34U2pZ2Ieem48Dwy9uqj5PNUQTn/5snW47tH4a5VuPhidr61sm/40b812d32eb85b5c3390865541578bea/r6s-operator-list-ace.png,2,2,1,1.0,0,1,0.0,0.0,0,S.E.L.M.A. AQUA BREACHER,"With the S.E.L.M.A. Aqua Breacher, water is the name of the game. It makes use of hydraulic pressure to burst through breakable and reinforced surfaces. The cylinder is thrown on whatever Ace is trying to breach, and then it opens to fully deploy. It explodes one time on floors, ceilings and hatches, but on walls the cylinder rolls down to deploy up to two times, if space allows. Each of these deployments leaves a clean rectangle breach, combining to create a hole big enough for an Operator to go through easily.",Attacker,,,
43,IANA,https://staticctf.ubisoft.com/J3yJr34U2pZ2Ieem48Dwy9uqj5PNUQTn/6vES8lEllMwW9OaBYRT7YX/39b5fe90684d7ce637a7d025cdd1ec96/r6s-operator-list-iana.png,2,2,1,0.0,1,0,1.0,0.0,0,GEMINI REPLICATOR,"The Gemini Replicator is a remotely-controlled holographic copy of Iana. It can move and produces sound like she would, but it cannot shoot, melee or use secondary gadgets. It has a time limit, or it can be exited at any time. There is always a cooldown between two uses, which is longer if it’s destroyed.",Attacker,,,
44,KALI,https://staticctf.ubisoft.com/J3yJr34U2pZ2Ieem48Dwy9uqj5PNUQTn/41NACeIbkdnIWgnwq0HzD4/9713f8e58b9a8c253b7507b59169bb3c/r6-operators-list-kali_358317.png,2,2,2,0.0,0,1,0.0,0.0,1,LV EXPLOSIVE LANCE,"To talk about the LV Explosive Lance, we need to mention Kali’s CSRX 300. It’s a dangerous weapon that can breach barricades and hatches in a single shot, and create big holes in breakable walls. The LV is its under-barrel, and it can be used at the same time as the CSRX 300’s scopes.",Attacker,,,
45,AMARU,https://staticctf.ubisoft.com/J3yJr34U2pZ2Ieem48Dwy9uqj5PNUQTn/5jumFHxGXFA7HehPNn0uGD/e00f3d67802944d0c7aba72455e1ba6a/r6-operators-list-amaru.png,2,2,2,0.0,0,0,1.0,1.0,0,GARRA HOOK,"With the Garra Hook, Amaru can grapple onto ledges and windows and hoist herself up in record times. Her opponents now not only have to worry about attacks from above, but also attacks from below. With the Garra, Amaru is the only operator that can go up an open hatch, instead of down. When timed right, hooking the Garra onto a window can result in Amaru’s infamous Garra Kick, which instantly takes out an opponent standing behind the window.",Attacker,,,
46,NØKK,https://staticctf.ubisoft.com/J3yJr34U2pZ2Ieem48Dwy9uqj5PNUQTn/VeXso9iKMqBDrSmuJ2kBx/b8020ed099ddbdcb31ec809b9d7da152/r6-operators-list-nokk.png,2,2,3,0.0,0,0,1.0,1.0,0,HEL PRESENCE REDUCTION,"The HEL is a glove attachment, which, when activated, reduces her ambient noise output and hides her image from the opponents’ observation tools. Drones, Bulletproof Cameras, Evil Eyes and more will thus be unable to register Nøkk’s presence as she roams through the map, unseen. Her footsteps will be silenced as she stalks opposing operators, unheard. Roaming will be more risky than ever for Defenders, as Nøkk could be hiding behind every corner or worse, sneaking up right behind them.",Attacker,,,
47,GRIDLOCK,https://staticctf.ubisoft.com/J3yJr34U2pZ2Ieem48Dwy9uqj5PNUQTn/27gUsHtPmP86NRs4cPug1o/31ea0005ad1afc68a8ebcc477934ded6/r6-operators-list-gridlock.png,3,1,1,0.0,0,0,0.0,1.0,1,TRAX STINGERS,"Trax Stingers' design is a portable version that when activated, deploys a hexagonal cluster of spikes, covering uneven ground better than a straight mat. Once deployed they can replicate and spread out over a large area. This feature, unique for an Attacker, enables them to use the Trax as an obstacle to reshape the map and control an area. Effects on the enemy include slowing them down and causing damage when stepped on. Trax Stingers will be destroyed when shot or dealt impact or thermal damage.",Attacker,,,
48,NOMAD,https://staticctf.ubisoft.com/J3yJr34U2pZ2Ieem48Dwy9uqj5PNUQTn/3VHhiyMOUkBOW1u1Zh5eGH/9e603d3e6926fc26ebee494b3040eba7/r6-operators-list-nomad.png,2,2,3,0.0,0,0,1.0,1.0,0,AIRJAB LAUNCHER,Nomad’s custom rifle attachment allows her to launch Airjab repulsion grenades. They can stick to a surface and will detonate when an enemy is within range. Nomad enters the field with three Airjab grenades. These pushback devices are non-lethal but they disorient those affected.,Attacker,,,
49,MAVERICK,https://staticctf.ubisoft.com/J3yJr34U2pZ2Ieem48Dwy9uqj5PNUQTn/1MmaEupq7KOe6it1trqIWP/3f4246349a36e28f4d9299f9368612c1/r6-operators-list-maverick.png,1,3,2,1.0,0,0,1.0,0.0,0,BREACHING TORCH,"Maverick’s D.I.Y. blowtorch can breach any surface, including reinforced walls and hatches. It requires a steady hand and knowledge of the environment to create small holes and lines of sight. Maverick must be in close range to use his gadget on the chosen surface. This torch makes almost no sound but it runs out of fuel quickly. Nevertheless, the high precision of this gadget makes it a very creative tool to use hands-on without relying on digital technology.",Attacker,,,
50,LION,https://staticctf.ubisoft.com/J3yJr34U2pZ2Ieem48Dwy9uqj5PNUQTn/4wYSIOO4AKq0nw1GbulGns/fcd32bda72facd7062a25ad3764f21e9/r6-operators-list-lion.png,2,2,1,0.0,1,0,0.0,1.0,0,EE-ONE-D,"Twitch provided him with an aerial drone while he served with GIGN. The EE-ONE-D helps Lion maintain quarantine by detecting movement in an area, giving an overview of hot zones or of the battlefield. His drone can stay airborne indefinitely, but he must choose the right moment to perform his scans.",Attacker,,,
51,FINKA,https://staticctf.ubisoft.com/J3yJr34U2pZ2Ieem48Dwy9uqj5PNUQTn/6VkZ60XV4HWhbQaoMpfjnw/1bd7667a572622371627e90e5e572455/r6-operators-list-finka.png,2,2,1,0.0,0,0,1.0,0.0,1,ADRENAL SURGE,"Finka's Adrenal Surge activates pre-injected nanobots made of zinc in operators, releasing a pharmacological cocktail into their system where the zinc is absorbed as a nutrient. These nanites give her team a short boost in HP, they help allies out of DBNO, and they steady the team’s aim. She’s the only one capable of tailoring the nanites to specific operators.",Attacker,,,
52,DOKKAEBI,https://staticctf.ubisoft.com/J3yJr34U2pZ2Ieem48Dwy9uqj5PNUQTn/7fjUupLXClpcdTyqdvPv24/e4492917c18682ef09f9b0445176b2f2/r6-operators-list-dokkaebi.png,1,3,2,0.0,1,0,0.0,1.0,0,LOGIC BOMB,"Grace utilizes the Ballistic Armor Military Laptop, codenamed Logic Bomb, which she uses to hack enemy PDA tactical devices.
The program downloads a virus of her making that can bypass firewalls, turning surrounding devices on and emitting a loud noise to compromise an enemy’s position.",Attacker,,,
53,ZOFIA,https://staticctf.ubisoft.com/J3yJr34U2pZ2Ieem48Dwy9uqj5PNUQTn/z60t1OJxJoHqm2zp0t5dL/4acc0904444f43b12a17f6a578322cf9/r6-operators-list-zofia.png,3,1,1,1.0,0,1,0.0,0.0,0,KS79 LIFELINE,"KS79 LIFELINE makes use of electronically triggered projectile technology that can fire both concussion and impact ammunition.
The concussion ammunition delivers a 170-decibel shockwave that impairs hearing and causes a dizzying effect.",Attacker,,,
54,YING,https://staticctf.ubisoft.com/J3yJr34U2pZ2Ieem48Dwy9uqj5PNUQTn/36BxtuVTQFrNh2OPyJ2px3/6db32fa8151b9a925acdd65d289bcf0f/r6-operators-list-ying.png,2,2,2,0.0,0,0,1.0,1.0,0,CANDELA,"Inspired by the new breed of stun grenades showcased by the S.A.S., this mercury and magnesium based explosive creates a multitude of blinding flashes.
The Candela device releases a cluster of flash charges that can either be anchored on surfaces or thrown out as a grenade.",Attacker,,,
55,JACKAL,https://staticctf.ubisoft.com/J3yJr34U2pZ2Ieem48Dwy9uqj5PNUQTn/kbyJly2JDRxFrjFSrptiy/ebbdae24cdfed025b0872742bb6c2a96/r6-operators-list-jackal.png,2,2,3,0.0,1,0,0.0,1.0,0,EYENOX MODEL III,"Eyenox Model III was created to offer a mobile tracking device able to both identify and trail a person’s footprints in real-time.
Equipped with advanced computer vision, the Eyenox detects invisible details relating to footfall and weight distribution so that you can identify and stalk your target.",Attacker,,,
56,HIBANA,https://staticctf.ubisoft.com/J3yJr34U2pZ2Ieem48Dwy9uqj5PNUQTn/7mAs4mz2zA4wjPZsNg6tys/e4fbdbfe20406c2655b56ba420b839aa/r6-operators-list-hibana.png,1,3,1,1.0,0,0,1.0,0.0,0,X-KAIROS,"The X-KAIROS - a 40 mm caliber launcher - fires explosive pellets that can be detonated simultaneously from a distance.
Deliver innovative assaults by creating lines of sights, or new pathways!",Attacker,,,
57,CAPITÃO,https://staticctf.ubisoft.com/J3yJr34U2pZ2Ieem48Dwy9uqj5PNUQTn/3AZlhNFA21aKL2MdAIEwa8/abfce9018a7a08c120d707fbc28ae709/r6-operators-list-capitao.png,1,3,2,0.0,0,0,1.0,1.0,0,TACTICAL CROSSBOW,Use a glass bolt to deliver a swift and silent assault against hostiles without alerting them to your position. The glass cartridge breaks on impact releasing a gas that ignites the oxygen in the surrounding area. Deliver swift and agile assaults without alerting your opponents of your position.,Attacker,,,
58,BLACKBEARD,https://staticctf.ubisoft.com/J3yJr34U2pZ2Ieem48Dwy9uqj5PNUQTn/5u6Ak7dkTb4yOjaP1hlGuT/0cdd45963fd8c83c62f609c7319bbf05/r6-operators-list-blackbeard.png,2,2,1,0.0,0,0,0.0,0.0,1,RIFLE SHIELD,"Multiple layers of transparent polycarbonate and thermoplastic armor, coated with a spall shield and backed with ultra-light weight laminated glass.
Protects the user against blunt impact and artillery fire.",Attacker,,,
59,BUCK,https://staticctf.ubisoft.com/J3yJr34U2pZ2Ieem48Dwy9uqj5PNUQTn/3k68pZu62GPbCAFOSCej9a/3c3d3da1f7109a396fb59dcf06c5c4c8/r6-operators-list-buck.png,2,2,1,1.0,0,0,0.0,0.0,1,SKELETON KEY,"Under-barrel mounted 12 gauge shotgun with four round capacity, used in tandem with an assault rifle.
The Skeleton Key allows the operator to alternate between their standard issue assault rifle and a breaching shotgun with ease and efficiency.",Attacker,,,
60,SLEDGE,https://staticctf.ubisoft.com/J3yJr34U2pZ2Ieem48Dwy9uqj5PNUQTn/6eIdbZWLBIdtCygNAu9uue/8856e29f0e9ebc3b6ed996223586ebce/r6-operators-list-sledge.png,3,1,1,1.0,0,1,0.0,0.0,0,TACTICAL BREACHING HAMMER,"Sledge is a soft breacher and flanker, he excels at creating new lines of fire and entry points, harassing the defenders.
Sledge is capable of breaching non-reinforced surfaces thanks to his tactical breaching hammer: The Caber.",Attacker,,,
61,THATCHER,https://staticctf.ubisoft.com/J3yJr34U2pZ2Ieem48Dwy9uqj5PNUQTn/5QGPM6l25ybaINnaIaLgvm/d018abc75d44758d666ad6bea0a38a9b/r6-operators-list-thatcher.png,3,1,1,0.0,0,1,0.0,0.0,1,EMP GRENADE,"The copper spool builds up the EMP by spinning
LED gauge
Twist top 45 degrees to activate the device",Attacker,,,
62,ASH,https://staticctf.ubisoft.com/J3yJr34U2pZ2Ieem48Dwy9uqj5PNUQTn/QOEBDfqjtUxVBc31l8L9f/4d9b112565baf81d56d69279b95cd463/r6-operators-list-ash_317253.png,1,3,2,1.0,0,0,1.0,0.0,0,BREACHING ROUNDS,"Ash is a fast-paced front liner; capable of breaching, flanking and dividing the Defender's attention in seconds.",Attacker,,,
63,THERMITE,https://staticctf.ubisoft.com/J3yJr34U2pZ2Ieem48Dwy9uqj5PNUQTn/3NQW8lJVslVSaYSiBlAleU/09fd8e3e946f2e71f39182b9ff18dd77/r6-operators-list-thermite.png,2,2,1,1.0,0,0,0.0,0.0,1,EXOTHERMIC CHARGE,"Thermite is an important backline support for an attacking team. As one of the only hard-breachers in the game, losing Thermite early in the round will hinder your team significantly. Playing Thermite requires patience, leadership and strong communication with your team.",Attacker,,,
64,MONTAGNE,https://staticctf.ubisoft.com/J3yJr34U2pZ2Ieem48Dwy9uqj5PNUQTn/1hxlGxmToB93urkgbIzUvW/fa894cd6ab38358284a3a1858cabbeee/r6-operators-list-montagne.png,3,1,3,0.0,1,0,0.0,0.0,1,LE ROC SHIELD,"Collapses into half its size, providing increased mobility to its wielder
Composite of reinforced alloys and Kevlar
Provides protection against small-arms fire and close combat attacks",Attacker,,,
65,TWITCH,https://staticctf.ubisoft.com/J3yJr34U2pZ2Ieem48Dwy9uqj5PNUQTn/Z9R1Anc8MHwbG5iyPoOf2/69fe9aee30e03322a4e09d4b87de15aa/r6-operators-list-twitch.png,2,2,2,0.0,1,1,0.0,0.0,0,SHOCK DRONES,Twitch is a disabler and intel Operator. She can utilize these skills as either a remote back-line support or as an aggressive entry fragger.,Attacker,,,
66,BLITZ,https://staticctf.ubisoft.com/J3yJr34U2pZ2Ieem48Dwy9uqj5PNUQTn/4NZvCtXwtcCq1s65H7mK5y/8d70872df8319e1d162a31bbf404ed2c/r6-operators-list-blitz.png,2,2,3,0.0,0,0,1.0,1.0,0,FLASH SHIELD,"Ballistic shield
Three rows of eight flash-bang grenades provide a high intensity light source",Attacker,,,
67,IQ,https://staticctf.ubisoft.com/J3yJr34U2pZ2Ieem48Dwy9uqj5PNUQTn/3lP88YKPk0boUyisZD0LT7/6b3ef86531c459ef9e573f056d6eddf5/r6-operators-list-iq.png,1,3,3,0.0,1,0,0.0,0.0,1,ELECTRONICS DETECTOR,"Wrist-mounted
Mobile phone-sized sensor",Attacker,,,
68,FUZE,https://staticctf.ubisoft.com/J3yJr34U2pZ2Ieem48Dwy9uqj5PNUQTn/BsiNYFp7htro1mOEgiKf1/eef48a78d9a7c1cb2dcac07e1d06edb1/r6-operators-list-fuze.png,3,1,1,0.0,0,1,0.0,0.0,0,CLUSTER CHARGE,Fuze is best played as an aggressive flanker and area denial Operator. His strengths allow him to dispatch defensive capabilities and harass enemies anchored in defensive positions. Fuze's APM-6 cluster charge propels a group of explosive cluster grenades through any soft breach surface.,Attacker,,,
69,GLAZ,https://staticctf.ubisoft.com/J3yJr34U2pZ2Ieem48Dwy9uqj5PNUQTn/6R6uQlUmkh7KYoFYeeGpvj/fb92cfe1a0501d63a0ffa417c004e84e/r6-operators-list-glaz.png,1,3,2,0.0,1,0,0.0,0.0,1,FLIP SIGHT,"Glaz is a back-line marksman, capable of soft breaching and providing covering fire from a distance.",Attacker,,,
