,K/D,Win_Ratio,Kills,Assists,Deaths,Matches_Won,Matches_Lost,Revives,Multi_Kills,Headshot_Kills,Melee_Kills,Gamer_Tag,Mackay,Zain,Blasco,Lis,Irish,Paik,Falck,Sundance,Crawford,Angel,Boris,Dozer,Casper,Rao
0,1.6,54.9,119835,54654,75055,4565,3753,19476,7685,21561,1273,overpesa,False,False,False,False,False,False,False,False,True,True,True,False,False,False
1,8.92,72.2,328180,184081,36787,4166,1605,6461,98378,14464,899,TOMBSTONE_ADEM,True,True,False,True,False,False,False,False,False,False,False,False,False,False
2,2.43,61.2,247514,65154,101968,4166,2643,17551,24556,44819,1072,VLKRxAntonAlonso,True,False,False,False,False,False,True,False,False,True,False,False,False,False
3,4.5,42.4,13692,76646,3040,4222,5735,79,220,8102,5,Vi-ka75,False,False,False,False,False,False,False,False,False,False,True,False,True,True
4,1.44,53.7,103796,85528,72210,4250,3669,27703,6811,19004,1389,Petrosco,True,False,False,False,False,False,False,False,True,False,True,False,False,False
5,1.78,52.8,143101,84775,80410,4328,3870,21765,8335,26455,1925,ekberg-hege,True,False,False,False,False,False,False,False,True,True,False,False,False,False
6,2.3,51.6,138707,95212,60351,4152,3898,32367,12161,18602,1358,CVR6IIIrdINF,True,False,False,False,False,False,True,False,False,True,False,False,False,False
7,1.65,49.6,111165,50518,67497,4148,4217,20154,7075,20350,1830,DBLOCK3300,False,False,False,True,False,False,False,True,True,False,False,False,False,False
8,2.08,62.1,131542,52062,63111,4133,2522,33607,6122,24360,387,dezelfde791wraak,True,False,False,False,False,False,True,False,False,True,False,False,False,False
9,1.31,51.7,56561,88008,43123,4381,4085,29793,3047,9240,423,ouss01,False,False,False,False,True,False,False,False,False,True,False,False,False,True
10,2.5,94.5,103060,75787,41144,4121,239,8982,11236,19786,1852,TW_SAKIBO_,True,False,False,False,True,False,True,False,False,False,False,False,False,False
11,3.45,66.7,174772,156759,50650,4117,2055,7969,19947,21659,166,Villain_Astro,False,True,True,False,False,False,False,False,False,True,False,False,False,False
12,3.57,68.1,210358,61461,58893,4108,1923,28512,13349,45811,614,EKO-H4uks,True,True,False,False,False,False,True,False,False,False,False,False,False,False
13,2.15,61.5,145034,48100,67559,4174,2611,10407,5507,28637,59,My0g0Ki_-,True,False,False,False,False,False,True,False,False,True,False,False,False,False
14,9.5,52.7,208284,77502,21926,4104,3676,1962,51350,2486,81,ayalanren,False,False,False,True,True,False,False,True,False,False,False,False,False,False
15,3.01,70.9,142555,59097,47285,4101,1681,33904,5100,29723,545,pppoopoohed66,True,False,False,False,False,False,True,False,False,False,True,False,False,False
16,2.14,66.7,86244,44775,40308,4080,2031,31254,3941,17268,516,stilscratchin,True,False,False,False,False,False,True,False,False,True,False,False,False,False
17,3.04,71.3,114133,55784,37538,4078,1641,13624,6251,20354,278,Prezzbelikeme,True,False,False,False,False,False,True,False,False,True,False,False,False,False
18,1.4,78.7,80816,81374,57836,4078,1101,58013,10998,12389,86,-SAGA-Miaomiao,False,False,False,False,True,False,True,False,False,True,False,False,False,False
19,2.05,63.0,172999,42841,84189,4134,2424,2460,10619,29613,291,daroadaszi,True,False,False,True,False,False,True,False,False,False,False,False,False,False
20,1.44,56.9,98819,33329,68476,4552,3441,7270,5681,8995,604,Koupe2Cheveux,True,False,False,False,False,False,False,True,False,False,True,False,False,False
21,2.74,63.1,136150,80844,49733,4074,2379,13850,13472,21454,1094,roger_vilkox,True,True,False,True,False,False,False,False,False,False,False,False,False,False
22,2.6,66.0,74276,80284,28594,4227,2172,11720,5111,10868,50,UP_Jaskaman,False,False,False,False,False,True,False,False,False,True,True,False,False,False
23,21.56,54.3,1033257,126851,47933,4214,3535,53614,576141,48770,2870,EMBRATOR_KSA,True,False,False,False,False,False,False,False,True,True,False,False,False,False
24,8.12,52.1,415197,154826,51135,4222,3874,12015,89836,38115,2191,l-l____SAW___l-l,True,False,False,False,False,False,False,False,False,True,True,False,False,False
25,1.75,61.9,90865,103821,51951,4217,2597,8492,18068,6127,832,IIArcX-7II,False,False,False,False,False,False,False,True,True,True,False,False,False,False
26,2.03,71.5,102236,56022,50300,4211,1675,25480,2309,21480,191,flo1327,False,False,False,False,True,False,False,False,True,False,False,False,False,True
27,0.62,46.1,32111,44403,52065,4347,5092,398,2558,5182,0,LastTourist,True,False,False,True,False,False,False,False,False,False,True,False,False,False
28,4.25,68.8,138099,37650,32519,4197,1892,11075,7482,27164,345,KptBorewicz,True,False,False,False,False,False,True,False,False,False,False,False,False,False
29,1.89,81.1,79820,88159,42276,4320,1010,11451,9139,6173,149,TMF-PERRUCO,False,False,False,False,True,False,True,False,False,False,True,False,False,False
30,3.1,63.8,178878,85906,57687,4227,2393,32667,17112,31745,1387,Lock3down221,False,True,False,False,False,False,False,False,True,True,False,False,False,False
31,4.41,66.8,107575,47664,24368,4183,2081,16938,6849,15417,437,lotsch117er,True,True,False,True,False,False,False,False,False,False,False,False,False,False
32,7.15,79.3,206511,115196,28878,4183,1091,10548,33349,24118,2901,LonelyCanvas,True,False,False,False,True,False,False,False,False,True,False,False,False,False
33,6.1,72.4,225881,73040,37043,4178,1595,33130,21469,44654,151,M4ximuS_VII,True,False,False,False,False,False,True,False,False,True,False,False,False,False
34,4.07,72.1,180701,113601,44371,6388,2473,35071,9479,39667,1481,Legend_Emith,False,True,False,False,False,False,False,False,True,False,False,False,True,False
35,1.02,53.2,143758,71874,141542,6417,5619,10205,2581,27990,522,TROLLEYC13,True,False,False,False,False,False,False,True,False,False,False,False,True,False
36,1.64,54.3,231253,149034,141398,6307,5300,23386,23404,27606,552,FarKinnell,False,False,True,False,False,True,False,False,False,True,False,False,False,False
37,7.85,64.7,459824,76720,58569,6300,3440,4827,116730,13059,571,NerfNightbird,True,False,False,False,False,False,True,False,True,False,False,False,False,False
38,3.98,68.5,211190,54419,53099,6307,2895,28603,8478,49596,419,B33R-11_Aztek_11,True,False,False,False,False,False,True,False,False,True,False,False,False,False
39,20.91,67.0,377888,264135,18068,6212,3062,22190,63121,29655,395,wally009,False,False,False,False,True,False,True,False,False,True,False,False,False,False
40,2.84,62.1,203889,49585,71772,6230,3782,34014,5853,41761,942,Ger-DonPromillo,True,False,False,False,False,False,True,True,False,False,False,False,False,False
41,2.55,55.7,228635,111626,89796,6163,4894,25231,27042,25469,1036,EL fLak0oooo,False,False,False,False,False,False,True,True,False,True,False,False,False,False
42,4.02,77.0,244436,106159,60833,6111,1824,27275,16028,51423,4063,TRIP-M0Le,True,False,False,False,False,False,True,False,False,False,False,True,False,False
43,3.48,66.8,391218,174255,112459,6069,3013,6862,73689,38859,104,Viccta,False,False,True,True,False,False,False,True,False,False,False,False,False,False
44,2.94,60.9,323900,158303,110067,6010,3858,8570,56673,49085,1204,WOOJIUSHIXIANG,True,False,False,False,False,False,False,True,False,True,False,False,False,False
45,4.6,72.5,291272,72938,63280,5960,2258,50682,16084,52957,205,Hakamoto91,True,True,False,False,False,False,True,False,False,False,False,False,False,False
46,1.85,55.3,91323,84194,49353,6063,4907,7556,11962,9806,809,F8tlSting,True,False,False,False,False,False,False,False,False,True,True,False,False,False
47,2.23,64.6,172125,103490,77106,5946,3259,26936,11694,24366,1013,OGLATINRAMBO569,False,False,False,False,False,False,False,False,False,True,True,False,False,True
48,4.75,70.6,249666,131150,52608,5940,2471,7808,37409,41971,416,aa3my,False,True,False,False,False,True,False,True,False,False,False,False,False,False
49,0.72,48.3,86041,48185,119321,5911,6326,43862,3297,15064,311,DieZahl,False,False,False,True,False,False,True,True,False,False,False,False,False,False
50,2.93,77.2,138287,63217,47229,5916,1752,20963,13036,25804,434,gera021,False,False,False,False,False,False,True,True,False,True,False,False,False,False
51,5.8,71.2,511676,114234,88267,5838,2360,18741,70936,89620,507,Quagsie,True,False,False,False,False,False,True,False,False,True,False,False,False,False
52,4.43,64.3,254441,149850,57484,5819,3158,54838,49369,51010,1984,SAT_Viboy,False,False,False,False,False,False,True,False,False,True,False,False,False,True
53,1.81,60.3,183861,97468,101400,5839,3835,16859,22556,27042,1460,Roy-is-Dead,True,False,False,False,False,False,True,False,False,False,True,False,False,False
54,3.27,66.8,268839,111273,82278,5801,2888,100506,12903,52397,310,treble318,False,False,False,False,False,False,True,False,False,True,False,False,False,True
55,9.87,76.4,363597,115716,36849,5796,1793,25609,93167,28442,1039,Anakachili,True,False,False,True,False,False,True,False,False,False,False,False,False,False
56,1.78,57.0,165685,211883,93020,5789,4361,7695,11958,23499,3473,LuckyShot410,False,False,True,True,False,False,False,False,False,False,True,False,False,False
57,1.54,47.8,114507,58755,74465,6021,6570,2272,13326,8460,281,KB67KB,False,False,False,True,False,False,False,True,False,False,False,False,True,False
58,6.6,71.1,411315,169271,62299,5707,2307,278937,115263,87037,29691,SAT_Szermina,False,False,False,False,False,False,True,False,False,True,False,False,True,False
59,7.68,90.0,287007,275164,37358,5700,636,17105,28975,50683,39,Multikellogs,True,False,False,False,False,True,True,False,False,False,False,False,False,False
60,6.67,64.9,412254,106361,61805,5662,3063,26453,15132,86518,663,Cyborg JRS,True,False,False,False,False,False,False,False,True,True,False,False,False,False
61,2.49,84.7,176698,124812,71078,5678,1022,16760,16892,21479,326,KRAG_Nerugui,True,False,False,False,False,True,False,False,True,False,False,False,False,False
62,4.49,69.5,414976,78502,92405,5589,2446,19760,28737,63171,1714,itzRevanGG,False,False,True,False,False,False,True,True,False,False,False,False,False,False
63,2.64,67.4,166128,76617,62983,5591,2706,40115,10385,26862,1343,Boerny_030,True,False,False,False,False,False,True,False,False,True,False,False,False,False
64,2.74,72.0,200351,55187,73036,5694,2212,15742,14640,37821,141,Pashtet1349,False,True,False,False,False,False,True,True,False,False,False,False,False,False
65,0.61,49.1,65335,80055,106502,5540,5746,7903,9395,9105,1261,DY3R80LIK4L,False,False,False,False,True,False,False,True,True,False,False,False,False,False
66,5.97,87.2,377517,58230,63192,5525,810,3925,28069,68387,451,150IQProner,True,False,False,False,False,False,True,False,False,True,False,False,False,False
67,3.65,64.9,243483,191968,66704,5516,2985,98686,32751,26333,476,RandaleKati,False,False,False,False,False,True,True,False,False,True,False,False,False,False
68,1.78,55.1,168235,75977,94455,5547,4518,19309,14677,24555,1856,Azor74_PL,False,False,False,True,False,False,True,False,False,False,True,False,False,False
69,4.44,66.5,196977,49310,44370,5648,2826,14906,5759,36701,100,atheneeeeea77,True,False,False,False,False,True,True,False,False,False,False,False,False,False
70,2.82,65.0,205506,199821,72848,5471,2946,19124,15038,25236,455,G7-PaVoRoViSki,True,False,False,False,False,True,True,False,False,False,False,False,False,False
71,1.17,52.6,89906,80949,76913,5469,4931,24287,5832,10497,1999,-GIRL-UltraLexi,False,True,False,False,True,False,False,False,True,False,False,False,False,False
72,0.73,47.3,85221,82232,117441,5694,6342,13777,7106,11077,633,GiaNt63296,False,False,True,True,False,False,True,False,False,False,False,False,False,False
73,2.88,77.0,705935,232402,245117,7370,2202,5206,150360,121918,253,PressureHillB1G,True,True,False,False,False,False,True,False,False,False,False,False,False,False
74,1.86,59.0,143447,113259,77089,7360,5118,77205,10350,20365,1209,Schmidti3819,True,False,False,False,False,False,True,False,False,True,False,False,False,False
75,5.04,84.2,193968,195290,38451,7354,1383,12806,31122,20310,301,-SAGA-Xue_LANG,True,False,False,False,True,True,False,False,False,False,False,False,False,False
76,0.07,36.3,772,1636,11780,7245,12140,78,100,97,0,BadBoys-Admin,False,False,False,False,False,False,False,True,True,True,False,False,False,False
77,1.41,68.6,193869,118805,137428,7231,3309,9214,30909,22397,147,kyu-chan_5,True,False,False,True,False,False,False,False,False,True,False,False,False,False
78,5.98,82.9,353008,80221,58998,7166,1463,17400,49307,56414,2270,azukayx,False,True,False,False,False,False,True,False,False,True,False,False,False,False
79,2.4,64.6,243637,149658,101717,7124,3899,36112,13263,23950,2643,OG_Venom_PR,False,False,True,False,False,False,False,True,False,True,False,False,False,False
80,4.91,67.9,411510,123859,83871,7117,3369,22613,62365,34625,1024,FlexLanes_TTV,True,False,False,False,False,False,True,False,False,False,True,False,False,False
81,4.42,65.9,296201,51869,67051,7126,3648,7606,8938,56801,250,r76_LiFE_PL,True,False,False,False,False,False,False,False,False,True,False,False,True,False
82,1.16,44.6,96760,90877,83581,7067,8768,5303,12782,12218,389,Josh-dr7,False,False,False,False,False,False,False,True,False,False,True,False,False,True
83,1.71,62.8,272851,110259,159428,7043,4164,36301,20032,51599,1106,XSOEIISJ_,True,False,False,False,True,False,False,True,False,False,False,False,False,False
84,1.07,64.7,284277,246395,266453,7013,3827,18561,41262,30864,4622,BatmanWillIAM,True,False,False,False,False,True,False,False,False,False,False,False,True,False
85,2.25,52.4,144240,128132,64115,7061,6398,12617,5592,23263,599,Sub15FPS,True,False,False,False,False,False,True,False,False,True,False,False,False,False
86,2.26,54.1,276198,321063,122015,6925,5868,57631,23904,47024,1820,Darejang,False,False,True,False,False,False,True,False,False,True,False,False,False,False
87,2.05,53.8,161058,175326,78671,6884,5861,4026,30465,14701,479,BiliTV_YY64251,False,False,False,False,True,False,False,True,False,True,False,False,False,False
88,4.14,62.0,171333,307541,41406,6851,4191,2262,43801,654,25,cyromilia,False,False,False,True,True,False,False,True,False,False,False,False,False,False
89,3.75,80.7,580945,160504,154964,6849,1636,22976,77603,67273,506,KRAG_GlazedGuava,True,False,False,False,False,True,True,False,False,False,False,False,False,False
90,2.39,70.4,221939,125951,93042,6780,2848,120502,13891,34992,1879,REV-BrunoBanane,False,True,False,False,False,False,True,False,True,False,False,False,False,False
91,1.0,64.1,95092,75116,94619,6686,3739,44042,5317,8639,486,OldGuy1949,True,False,False,False,False,False,True,False,False,True,False,False,False,False
92,5.35,87.6,481341,155288,89977,6651,942,22166,44200,72821,91,1_Useless_Team,True,False,False,False,False,True,True,False,False,False,False,False,False,False
93,2.84,66.2,262211,263633,92248,6628,3379,18225,31060,31342,1849,xSqUeRtYMaLoOnx,False,False,True,False,False,False,False,True,False,False,True,False,False,False
94,2.58,63.9,303279,91542,117576,6607,3663,41232,14658,29494,7995,llAMQII,False,False,True,False,False,True,True,False,False,False,False,False,False,False
95,29.19,67.6,997847,421413,34181,6605,2996,18207,679071,6108,751,Salimes,True,False,False,True,False,False,False,False,False,True,False,False,False,False
96,3.89,71.9,392739,175898,100986,6598,2576,22840,36659,74123,1913,EnergisedKnight,True,False,True,False,False,False,False,False,False,True,False,False,False,False
97,4.4,75.6,700604,114325,159407,6448,2080,5340,183385,107590,1158,xParaTVx,False,False,True,False,True,False,False,True,False,False,False,False,False,False
98,2.88,71.8,366563,169457,127394,6450,2536,52182,28501,76150,720,-LuckyEx249-,False,False,False,True,False,True,True,False,False,False,False,False,False,False
99,4.14,65.2,159855,46198,38601,6409,3425,14956,10969,31133,623,Tzameti73,True,False,False,False,False,False,True,False,False,False,True,False,False,False
100,5.73,88.8,782522,198027,136581,11407,1435,9931,148462,156018,734,-SAGA-Riy,True,True,True,False,False,False,False,False,False,False,False,False,False,False
101,2.63,60.4,319848,143093,121750,10766,7045,22656,24968,78567,1458,lLLlCITMOTORz,True,False,False,True,True,False,False,False,False,False,False,False,False,False
102,7.75,82.4,686569,213268,88556,10403,2199,265658,141165,112026,11808,Tygrvs,False,False,False,False,False,True,True,False,False,True,False,False,False,False
103,3.88,72.2,343720,150137,88631,9894,3809,27448,35813,46601,1108,HARM CptConquer,False,False,True,False,False,False,False,True,True,False,False,False,False,False
104,7.13,85.6,681066,293974,95467,9737,1642,92218,143024,111395,613,DsciSiv,True,False,False,False,False,False,True,False,False,True,False,False,False,False
105,5.39,90.7,450094,178350,83503,9430,969,12006,74866,96397,262,-SAGA-ChineseNO1,True,True,False,False,True,False,False,False,False,False,False,False,False,False
106,5.41,62.1,375781,449194,69438,9330,5697,13152,62568,34551,1134,From-The-H3avens,False,False,False,True,False,False,False,False,True,False,False,True,False,False
107,4.69,60.0,302741,134568,64575,8911,5942,15133,50298,15186,847,ARMSQUADNYPD-TTV,True,False,False,False,False,False,True,False,False,True,False,False,False,False
108,4.04,58.8,381517,162719,94495,8600,6025,9502,77438,35107,3047,Bili_NYS-LK,True,False,False,False,False,False,False,True,True,False,False,False,False,False
109,4.55,68.6,432367,195789,95081,8193,3757,63340,48012,51187,892,SK_Sm0ky24,True,False,False,False,False,False,True,False,False,True,False,False,False,False
110,2.41,56.6,137402,243383,56948,8145,6241,25202,5170,20622,1228,D3athD3al3r GR,True,False,False,False,False,False,True,False,False,True,False,False,False,False
111,6.52,73.7,385871,70622,59157,7936,2836,14489,39413,112581,93,MAGAThisOne,True,False,False,False,True,False,False,False,True,False,False,False,False,False
112,1.47,58.1,135233,367283,92015,7843,5652,38573,27395,4248,3203,527CharlieBrown,False,False,False,True,False,False,True,False,False,False,False,False,False,True
113,2.72,63.9,328233,127792,120646,7831,4411,51797,33843,50813,835,buriburiunti999,False,False,False,False,False,False,True,False,False,True,True,False,False,False
114,3.25,68.4,243440,72934,74975,7614,3497,17248,13832,55285,287,Emistic0,True,False,False,False,False,False,True,False,False,True,False,False,False,False
115,3.21,69.0,238694,55233,74352,7596,3395,28807,11330,64600,2259,B33R4soangrymax,True,False,False,False,False,False,True,False,False,True,False,False,False,False
116,12.01,64.9,364373,136276,30348,7536,4064,1958,79408,3908,74,iDF_rf-YT,True,False,False,True,True,False,False,False,False,False,False,False,False,False
117,6.44,75.3,313148,168068,48652,7510,2468,73415,33613,46343,862,-ezC_sMkSENSEi,True,False,False,False,False,False,True,False,False,True,False,False,False,False
118,5.04,84.2,193968,195290,38451,7354,1383,12806,31122,20310,301,-SAGA-Xue_LANG,True,False,False,False,True,True,False,False,False,False,False,False,False,False
119,4.05,70.4,273611,137679,67564,5251,2204,51062,31344,36820,2427,1AUJLA_TTV,False,False,False,False,False,False,True,True,False,True,False,False,False,False
120,2.91,64.2,277468,63663,95233,4386,2441,17859,18933,47312,597,TTV__XDCMADMAX,True,True,False,False,False,False,False,True,False,False,False,False,False,False
121,4.0,71.6,269519,95960,67319,5211,2065,9179,31502,47209,762,COG_Botchyheart,True,False,False,False,False,False,True,True,False,False,False,False,False,False
122,2.26,54.1,276326,321314,122092,6927,5871,57653,23912,47052,1820,Darejang,False,False,True,False,False,False,True,False,False,True,False,False,False,False
123,5.2,63.6,256512,51572,49287,3119,1780,4049,45382,32556,561,MRcainia0,True,False,False,False,True,False,False,False,False,True,False,False,False,False
124,8.46,62.3,264911,49864,31323,3103,1877,4040,63610,7266,94,-AC-JubaBirdMan,True,False,False,True,False,False,True,False,False,False,False,False,False,False
125,3.25,68.4,243440,72934,74975,7614,3497,17248,13832,55285,287,Emistic0,True,False,False,False,False,False,True,False,False,True,False,False,False,False
126,3.05,59.1,251667,71746,82533,4432,3052,50832,22570,51171,1058,-wMpZz-,True,False,False,True,False,False,True,False,False,False,False,False,False,False
127,6.63,70.4,283009,76322,42662,3781,1588,15415,16814,113551,199,Cpt-Joooooooe,True,False,False,False,False,False,True,False,False,True,False,False,False,False
128,2.79,56.8,280465,82373,100478,3771,2873,19187,16936,48621,247,MyEuth,True,False,False,False,False,False,True,True,False,False,False,False,False,False
129,3.28,72.3,243536,81438,74259,3315,1267,20924,33073,52340,12626,no3hills,True,False,False,False,False,False,True,False,False,False,False,True,False,False
130,6.6,61.7,240309,63619,36420,4922,3061,27230,49992,10625,187,BumAsButters,False,False,False,False,True,False,True,True,False,False,False,False,False,False
131,4.44,66.5,196977,49310,44370,5648,2826,14906,5759,36701,100,atheneeeeea77,True,False,False,False,False,True,True,False,False,False,False,False,False,False
132,2.82,65.0,205506,199821,72848,5471,2946,19124,15038,25236,455,G7-PaVoRoViSki,True,False,False,False,False,True,True,False,False,False,False,False,False,False
133,0.73,47.3,85221,82232,117441,5694,6342,13777,7106,11077,633,GiaNt63296,False,False,True,True,False,False,True,False,False,False,False,False,False,False
134,2.72,64.1,306857,88967,112668,5465,3058,14135,32497,52610,1401,Kisflow,True,True,False,False,False,False,False,False,False,True,False,False,False,False
135,1.72,60.9,258857,143535,150165,4863,3123,8459,28941,38664,231,0s_m4x4c4r3,True,False,False,False,False,True,False,True,False,False,False,False,False,False
136,5.2,63.6,256512,51572,49287,3119,1780,4049,45382,32556,561,MRcainia0,True,False,False,False,True,False,False,False,False,True,False,False,False,False
137,4.43,64.3,254441,149850,57484,5819,3158,54838,49369,51010,1984,SAT_Viboy,False,False,False,False,False,False,True,False,False,True,False,False,False,True
138,4.8,69.5,254319,76765,53021,3047,1339,10849,36939,32760,2153,lVerSwagg,True,False,False,False,False,True,True,False,False,False,False,False,False,False
139,4.94,64.4,253362,80414,51277,3106,1719,18260,26198,52908,244,Accidege,True,False,False,True,False,False,True,False,False,False,False,False,False,False
140,3.05,59.1,251667,71746,82533,4432,3052,50832,22570,51171,1058,-wMpZz-,True,False,False,True,False,False,True,False,False,False,False,False,False,False
141,4.74,66.1,251818,44376,53150,3661,1876,6090,31112,36012,5371,skjLLz_,False,False,False,True,False,False,False,False,False,False,True,True,False,False
142,9.26,61.6,250022,233779,27012,4703,2927,60422,12620,60598,188,BillyTheKid3434,False,False,False,False,True,True,True,False,False,False,False,False,False,False
143,4.75,70.6,249666,131150,52608,5940,2471,7808,37409,41971,416,aa3my,False,True,False,False,False,True,False,True,False,False,False,False,False,False
144,4.58,72.4,248300,93001,54257,3668,1397,19963,24202,34261,112,TTV_The_Van,True,False,False,False,False,False,True,False,False,True,False,False,False,False
145,2.43,61.1,247361,65121,101932,4162,2643,17546,24543,44797,1071,VLKRxAntonAlonso,True,False,False,False,False,False,True,False,False,True,False,False,False,False
146,8.65,77.0,248134,51351,28681,3796,1129,17747,16946,36172,492,EuJogoMinecraft_,True,False,False,True,False,False,True,False,False,False,False,False,False,False
147,5.64,68.7,246383,65435,43648,5608,2550,85569,8921,40408,221,TGM_sSHOTOo,True,False,False,False,False,False,True,False,False,False,False,False,False,False
148,2.9,67.6,245996,67480,84818,5503,2632,12987,12667,70490,475,EN_BIGxMIKE,True,False,False,True,False,False,True,False,False,False,False,False,False,False
149,3.64,72.2,246646,126103,67713,4319,1660,41257,33133,43295,286,StrykeX2,True,False,False,False,False,False,True,False,False,True,False,False,False,False
150,7.32,69.1,245081,77214,33486,3858,1718,11345,33873,38673,303,I-cRueLzZ-I,False,True,False,False,False,False,True,False,True,False,False,False,False,False
151,4.02,77.0,244436,106159,60833,6111,1824,27275,16028,51423,4063,TRIP-M0Le,True,False,False,False,False,False,True,False,False,False,False,True,False,False
152,3.48,63.3,244496,79741,70202,4239,2462,29377,18658,39756,77,MMsuperman0216,True,False,False,False,False,False,True,False,False,True,False,False,False,False
153,2.79,60.5,243834,107065,87329,3452,2254,9698,28909,39525,905,Soon_ps,True,True,False,False,False,False,True,False,False,False,False,False,False,False
154,2.4,64.6,243637,149658,101717,7124,3899,36112,13263,23950,2643,OG_Venom_PR,False,False,True,False,False,False,False,True,False,True,False,False,False,False
155,3.28,72.3,243536,81438,74259,3315,1267,20924,33073,52340,12626,no3hills,True,False,False,False,False,False,True,False,False,False,False,True,False,False
156,3.65,64.9,243564,192214,66715,5519,2985,98700,32760,26337,476,RandaleKati,False,False,False,False,False,True,True,False,False,True,False,False,False,False
157,3.25,68.4,243440,72934,74975,7614,3497,17248,13832,55285,287,Emistic0,True,False,False,False,False,False,True,False,False,True,False,False,False,False
158,2.63,80.2,243378,69849,92693,4896,1208,18081,20755,42833,11851,AT-CITRUS,True,True,False,False,False,False,True,False,False,False,False,False,False,False
159,11.27,78.8,243042,93503,21572,3581,962,9493,35702,60162,63,RandyKate,True,True,False,False,False,False,False,False,False,True,False,False,False,False
160,4.2,64.2,243453,36729,57916,3407,1900,16914,7179,24542,84,Xx_-futy-_xX,True,False,False,False,False,False,True,False,False,False,False,False,False,False
161,5.01,75.6,241333,74609,48169,3799,1224,21617,32079,35396,3963,iRefuse13,True,False,False,False,False,False,False,False,False,True,False,True,False,False
162,6.6,61.7,240309,63619,36420,4922,3061,27230,49992,10625,187,BumAsButters,False,False,False,False,True,False,True,True,False,False,False,False,False,False
163,5.28,74.1,241759,96493,45790,4940,1731,22171,22300,45559,129,thozomas,True,False,False,False,False,False,True,False,False,True,False,False,False,False
164,3.21,69.0,238694,55233,74352,7596,3395,28807,11330,64600,2259,B33R4soangrymax,True,False,False,False,False,False,True,False,False,True,False,False,False,False
165,6.22,72.6,238559,102126,38340,3216,1215,17651,27418,38195,925,LUKYX111,True,False,False,True,False,False,True,False,False,False,False,False,False,False
166,6.2,74.8,237679,60418,38324,2522,850,1731,35535,48238,459,TwitchTV_Enders,True,False,False,True,False,False,True,False,False,False,False,False,False,False
167,13.2,68.1,237068,83514,17954,2767,1295,6631,66921,7502,52,-SL-Kickdown,True,False,False,True,False,False,False,False,True,False,False,False,False,False
168,5.15,57.9,236822,79844,45960,4647,3371,71876,10252,48537,337,bitcloudrzr,False,False,False,False,False,True,True,False,False,False,False,False,True,False
169,13.02,74.8,236803,49702,18190,2177,735,2916,59538,3466,13,l-BrokenFace-l,True,False,False,False,True,False,False,False,False,True,False,False,False,False
170,3.48,76.7,235149,61942,67596,4037,1227,8465,18202,46287,297,cryzzzz1,True,False,False,False,False,False,True,False,False,True,False,False,False,False
171,4.21,72.3,235605,110862,55980,3959,1514,34998,21864,41324,93,Chilsung_CiderTA,False,True,False,True,False,False,True,False,False,False,False,False,False,False
172,3.95,81.9,234519,58159,59298,3914,866,7109,22529,56135,376,TTV_fENNZOR,True,False,False,False,False,False,True,True,False,False,False,False,False,False
173,2.86,66.7,233603,46848,81613,2195,1094,7279,35946,40579,52,AliciaFyrenz,True,False,False,False,False,False,True,True,False,False,False,False,False,False
174,5.14,69.5,233581,56995,45471,2716,1193,20942,26113,35806,450,GoldFragGrenade,True,False,False,False,False,True,True,False,False,False,False,False,False,False
175,20.96,70.7,233516,74514,11139,2856,1186,4279,67883,7287,843,Tombstone_JNAVIG,False,False,False,True,False,False,True,False,False,True,False,False,False,False
176,5.94,66.4,233460,101436,39315,3160,1601,33576,26250,34307,237,edwwn,True,False,False,False,False,False,True,False,False,True,False,False,False,False
177,2.82,70.9,232835,152472,82705,4717,1934,26598,22695,42257,1449,kertel,False,False,False,False,False,True,True,True,False,False,False,False,False,False
178,7.88,87.3,232763,86219,29548,3603,526,22339,34475,51289,731,Anime-Conoisseur,True,False,False,False,False,False,True,False,False,True,False,False,False,False
179,3.55,73.7,232681,71947,65562,4893,1744,9812,24734,40861,490,TOX-SweatyKarmA,True,True,False,False,False,False,False,True,False,False,False,False,False,False
180,3.57,68.0,231837,40008,64970,3104,1462,9688,15678,115618,168,DieForHerSins,True,False,False,False,False,False,False,False,False,True,False,False,False,True
181,1.64,54.3,231253,149034,141398,6307,5300,23386,23404,27606,552,FarKinnell,False,False,True,False,False,True,False,False,False,True,False,False,False,False
182,3.02,64.5,231141,116268,76570,4769,2628,23748,35116,27119,907,pablocc74,False,True,False,False,False,False,False,False,True,False,False,True,False,False
183,5.18,65.5,231083,49227,44628,2762,1451,2889,13413,42743,181,M4A1MA5TER,True,False,False,False,False,False,False,False,False,False,True,False,False,True
184,2.65,56.7,105988,67284,40057,4393,3355,16104,9677,8045,807,TNT-Abusador537,False,False,False,False,True,False,False,False,True,False,True,False,False,False
185,1.46,60.7,130973,166300,89592,4363,2820,60424,9587,18598,9255,freddy934,False,False,False,False,True,False,True,False,False,False,False,True,False,False
186,1.85,52.4,145686,68458,78599,4848,4399,13719,11286,21712,1378,DON-RYJEK,False,False,False,False,False,False,False,False,True,True,True,False,False,False
187,3.05,67.9,295100,51051,96667,4341,2048,9598,47915,53424,403,Trap DaFirst,True,False,False,False,False,False,False,True,False,True,False,False,False,False
188,10.22,63.3,279088,102785,27308,4334,2503,27617,55495,44190,3440,Picko SJ,True,False,False,False,False,False,True,False,False,False,False,False,False,True
189,4.48,52.4,202560,118946,45180,4339,3940,4530,38262,24146,64,LA_BaLLr,True,False,False,False,True,False,False,False,False,True,False,False,False,False
190,1.62,54.0,159282,211720,98517,4332,3691,17404,17546,22957,1706,xHaynesworth,True,False,False,False,False,True,False,True,False,False,False,False,False,False
191,3.64,72.2,246646,126103,67713,4319,1660,41257,33133,43295,286,StrykeX2,True,False,False,False,False,False,True,False,False,True,False,False,False,False
192,3.84,87.4,70902,82560,18458,4319,618,42246,8995,15975,398,DouYu-11354727,True,False,False,False,True,False,False,False,False,True,False,False,False,False
193,0.53,65.9,68268,58077,128913,4343,2252,4127,5842,10781,2083,44MIME,False,False,False,True,False,False,True,True,False,False,False,False,False,False
194,1.04,57.9,99096,121297,95575,4326,3140,8062,13062,11512,6106,AudieLMurphy,True,False,False,False,False,False,False,False,False,True,False,True,False,False
195,2.42,53.9,137548,106989,56785,4330,3695,15121,9637,34720,985,VMP LeoACD,False,False,False,False,True,False,False,True,False,True,False,False,False,False
196,0.94,47.2,108651,40507,115506,4285,4789,16735,5557,19321,893,JohnTrabutta,True,False,False,False,False,False,True,True,False,False,False,False,False,False
197,3.04,60.4,217359,57024,71461,4288,2817,16262,20405,21402,21483,Samuel_Flankson,True,False,False,False,False,False,True,False,False,False,False,True,False,False
198,2.03,62.6,147989,103611,73067,4352,2601,17796,9792,23215,1221,Banester,True,False,False,False,False,False,False,True,False,False,True,False,False,False
199,2.76,61.1,220003,81304,79763,4311,2749,24143,15277,42101,607,BBNK-YT,True,False,False,False,False,False,True,False,False,True,False,False,False,False
200,4.88,69.5,314578,112159,64458,4273,1877,21852,30709,43145,240,KRAG_WINGMASTER,True,True,False,False,False,False,True,False,False,False,False,False,False,False
201,1.41,51.8,116563,63317,82673,4902,4569,10881,11181,16260,2313,RATTRAPpING2,True,False,False,False,False,False,False,False,True,True,False,False,False,False
202,4.03,74.0,130070,46598,32269,4271,1492,13564,7508,26969,527,AAK540,True,False,False,False,False,True,True,False,False,False,False,False,False,False
203,2.42,54.2,159175,44889,65806,4298,3634,21008,8431,33928,467,xWORF5x,False,False,False,False,False,False,False,False,True,True,True,False,False,False
204,3.28,63.1,211767,54516,64599,4271,2485,7870,7398,60312,337,IRISH_POLKA,False,True,False,False,True,False,True,False,False,False,False,False,False,False
205,1.41,47.2,98525,60645,69727,4423,4940,9690,6991,15835,1470,SGT_Mokko_Locco,False,False,False,False,True,True,False,False,False,False,True,False,False,False
206,4.94,71.8,149884,89561,30333,4476,1754,13672,22155,21581,1783,C BAC100EBPO,False,False,False,False,True,False,True,False,False,True,False,False,False,False
207,6.14,59.5,262341,95724,42704,4257,2901,1946,62727,11050,54,t333mp_,True,False,False,False,True,False,False,False,True,False,False,False,False,False
208,1.18,49.2,111098,49050,94289,4503,4637,34228,6214,20834,854,o2bhi2,False,False,False,False,False,False,True,False,False,True,True,False,False,False
209,4.65,65.0,179163,81830,38532,4248,2284,13911,24807,15198,1214,RAINZFOXX,False,False,False,False,False,False,False,True,False,False,False,True,True,False
210,2.35,67.7,175773,120536,74801,4258,2029,34778,14176,33859,1520,Barbadjolas_GR,False,False,False,False,False,False,False,False,False,True,True,True,False,False
211,5.64,66.6,103249,103571,18313,4245,2127,4926,25116,6238,227,RhodesIsland_740,True,False,False,False,True,False,False,False,False,False,False,False,False,True
212,1.59,51.4,113190,78027,71225,4255,4016,19404,7690,15179,1115,Dormann6262bd,False,False,False,False,False,False,True,True,False,False,True,False,False,False
213,2.81,75.1,155971,183563,55458,4243,1389,19193,20803,23203,1077,-eD-fractie,True,False,False,False,False,True,False,True,False,False,False,False,False,False
214,3.48,63.3,244496,79741,70202,4239,2462,29377,18658,39756,77,MMsuperman0216,True,False,False,False,False,False,True,False,False,True,False,False,False,False
215,0.82,47.3,58259,157859,71215,4489,4994,4780,5633,8659,557,oleg2oleg,False,False,True,True,False,False,False,False,False,False,True,False,False,False
216,3.89,76.6,204549,106695,52516,4233,1294,8419,23654,45327,196,EVH_Tap_God,True,False,False,False,True,False,False,True,False,False,False,False,False,False
217,1.77,61.6,79295,27469,44718,4258,2651,15251,5743,15258,665,Rudeb0yRonin,True,False,False,False,False,False,False,True,False,True,False,False,False,False
218,1.76,54.0,207679,73510,117733,4249,3618,33213,10606,28811,89,OCTOGUE,True,False,False,False,False,False,True,False,False,False,True,False,False,False
