NAME,variable,Character
Tele,LÚCIO,SUPPORT
Dark,LÚCIO,SUPPORT
Aspen,LÚCIO,SUPPORT
ƁEAR,LÚCIO,SUPPORT
Esteem,LÚCIO,SUPPORT
Seegulls,LÚCIO,SUPPORT
MommyMercy,LÚCIO,SUPPORT
Rulra,LÚCIO,SUPPORT
Sunshine,LÚCIO,SUPPORT
Knxght,LÚCIO,SUPPORT
Darkrai,LÚCIO,SUPPORT
LaMachine136,LÚCIO,SUPPORT
ayt,LÚCIO,SUPPORT
SavageQuill,LÚCIO,SUPPORT
Renegade,LÚCIO,SUPPORT
ØA7,LÚCIO,SUPPORT
Bmfolk511,LÚCIO,SUPPORT
LameColors,LÚCIO,SUPPORT
TDiddy1432,LÚCIO,SUPPORT
Kolander,LÚCIO,SUPPORT
Kantz,LÚCIO,SUPPORT
IcyGeLo,LÚCIO,SUPPORT
Kissland2013,LÚCIO,SUPPORT
yGllGllP,LÚCIO,SUPPORT
REAPER,LÚCIO,SUPPORT
FatherInLaw,LÚCIO,SUPPORT
Fireball1207,LÚCIO,SUPPORT
Gandalf,LÚCIO,SUPPORT
Lucky,LÚCIO,SUPPORT
thriftshop66,LÚCIO,SUPPORT
MonkeyLover1,LÚCIO,SUPPORT
Solace,LÚCIO,SUPPORT
Noah,LÚCIO,SUPPORT
Mesjasz,WIDOWMAKER,ASSAULT
GrakE24,WIDOWMAKER,ASSAULT
WoLF,WIDOWMAKER,ASSAULT
laxant3,WIDOWMAKER,ASSAULT
zexot,WIDOWMAKER,ASSAULT
Crabus,WIDOWMAKER,ASSAULT
fiendish,WIDOWMAKER,ASSAULT
ProdAngelo,WIDOWMAKER,ASSAULT
Naeris,WIDOWMAKER,ASSAULT
manually,WIDOWMAKER,ASSAULT
ØWRülë34GøD,WIDOWMAKER,ASSAULT
chlorine,WIDOWMAKER,ASSAULT
FEAR,WIDOWMAKER,ASSAULT
PaulMiller,WIDOWMAKER,ASSAULT
Violeto,WIDOWMAKER,ASSAULT
Marionette,WIDOWMAKER,ASSAULT
fafalure,WIDOWMAKER,ASSAULT
Kiotake,WIDOWMAKER,ASSAULT
Flaccid,WIDOWMAKER,ASSAULT
MagicGnome,WIDOWMAKER,ASSAULT
Kate,WIDOWMAKER,ASSAULT
CrystalGirl,WIDOWMAKER,ASSAULT
BruceWayne,WIDOWMAKER,ASSAULT
MƗKO,WIDOWMAKER,ASSAULT
NotWidow,WIDOWMAKER,ASSAULT
kawaiioil,WIDOWMAKER,ASSAULT
Maliboujee,WIDOWMAKER,ASSAULT
Mesjasz,ZENYATTA,SUPPORT
bame,ZENYATTA,SUPPORT
uzixko,ZENYATTA,SUPPORT
ƁEAR,ZENYATTA,SUPPORT
Kleinebeer,ZENYATTA,SUPPORT
Cri,ZENYATTA,SUPPORT
L41D,ZENYATTA,SUPPORT
Nickst3r,ZENYATTA,SUPPORT
Silvoc,ZENYATTA,SUPPORT
Daltoosh66,ZENYATTA,SUPPORT
ManchaeLover,ZENYATTA,SUPPORT
FrozenButter,ZENYATTA,SUPPORT
MommyMercy,ZENYATTA,SUPPORT
DiegoAZ,ZENYATTA,SUPPORT
Generic,ZENYATTA,SUPPORT
Macedo,ZENYATTA,SUPPORT
joshgach,ZENYATTA,SUPPORT
Aizza,ZENYATTA,SUPPORT
Flaccid,ZENYATTA,SUPPORT
zyKii,ZENYATTA,SUPPORT
K24kai06,ZENYATTA,SUPPORT
Saxx,ZENYATTA,SUPPORT
SavageQuill,ZENYATTA,SUPPORT
ØA7,ZENYATTA,SUPPORT
julesbeams,ZENYATTA,SUPPORT
EmeraldOwl,ZENYATTA,SUPPORT
Turtlemanbob,ZENYATTA,SUPPORT
Lastnameboss,ZENYATTA,SUPPORT
Alex15can,ZENYATTA,SUPPORT
SheeshManess,ZENYATTA,SUPPORT
Sean,ZENYATTA,SUPPORT
SoggyRatTrea,ZENYATTA,SUPPORT
Nut,ZENYATTA,SUPPORT
yoshi04cgn04,ZENYATTA,SUPPORT
OneUWshUHad,ZENYATTA,SUPPORT
Phantom,ZENYATTA,SUPPORT
Latenci,SOJOURN,ASSAULT
xLuCy,SOJOURN,ASSAULT
Barbazul,SOJOURN,ASSAULT
Papi,SOJOURN,ASSAULT
Musaiz333,SOJOURN,ASSAULT
zexot,SOJOURN,ASSAULT
Crabus,SOJOURN,ASSAULT
Cosmic,SOJOURN,ASSAULT
Scarface,SOJOURN,ASSAULT
Cruvax,SOJOURN,ASSAULT
andreaspet,SOJOURN,ASSAULT
SteeVurkel,SOJOURN,ASSAULT
のあ,SOJOURN,ASSAULT
Metro,SOJOURN,ASSAULT
hatmouse,SOJOURN,ASSAULT
icedancer,SOJOURN,ASSAULT
CarryPotter,SOJOURN,ASSAULT
TrippyHippy,SOJOURN,ASSAULT
FR2NCH,SOJOURN,ASSAULT
Daddy,SOJOURN,ASSAULT
Waspd123,SOJOURN,ASSAULT
Clkwrkkng,SOJOURN,ASSAULT
angelvolado,SOJOURN,ASSAULT
tony,SOJOURN,ASSAULT
BT160611,SOJOURN,ASSAULT
tako,SOJOURN,ASSAULT
VM1R,SOJOURN,ASSAULT
Bomber,SOJOURN,ASSAULT
Askrel,SOJOURN,ASSAULT
n0rth,SOJOURN,ASSAULT
xDeadbolt323,SOJOURN,ASSAULT
Seraph,SOJOURN,ASSAULT
JGooz,SOJOURN,ASSAULT
Sanji,SOJOURN,ASSAULT
zend,SOJOURN,ASSAULT
MUMMY,SOJOURN,ASSAULT
Gloku,SOJOURN,ASSAULT
XxpandaxX,SOJOURN,ASSAULT
Sivieon,SOJOURN,ASSAULT
GritznGravy,SOJOURN,ASSAULT
SparkLoaded,SOJOURN,ASSAULT
Washed,SOJOURN,ASSAULT
ryno,SOJOURN,ASSAULT
StevoMali3,SOJOURN,ASSAULT
Demo,SOJOURN,ASSAULT
Turtlemanbob,SOJOURN,ASSAULT
lewdom,SOJOURN,ASSAULT
Morrison,SOJOURN,ASSAULT
thadeli,SOJOURN,ASSAULT
Plax,SOJOURN,ASSAULT
BootySnatcha,SOJOURN,ASSAULT
Alejan,SOJOURN,ASSAULT
Somebody945,MAUGA,ENGINEER
ttvichiritis,MEI,ASSAULT
マイティ躁,MEI,ASSAULT
ITridenteI,MEI,ASSAULT
SqLivA,MEI,ASSAULT
ave,MEI,ASSAULT
RoyalDumbass,MEI,ASSAULT
GeeGeek,MEI,ASSAULT
Kosi,MEI,ASSAULT
ĔŊĐĔŶŜǺŶ,MEI,ASSAULT
Morii,MEI,ASSAULT
lhcloudy,MEI,ASSAULT
joshgach,MEI,ASSAULT
ghost,MEI,ASSAULT
Knxght,MEI,ASSAULT
Lexaezel,MEI,ASSAULT
FearHenry,MEI,ASSAULT
Hølk,MEI,ASSAULT
OutHanzoed,MEI,ASSAULT
Morrison,MEI,ASSAULT
CrouchyAsh,MEI,ASSAULT
SepiaViper,MEI,ASSAULT
Madiizzz,ZARYA,ENGINEER
uzixko,ZARYA,ENGINEER
Another,ZARYA,ENGINEER
emongg,ZARYA,ENGINEER
Him,ZARYA,ENGINEER
StarrBoyx,ZARYA,ENGINEER
iraDove,ZARYA,ENGINEER
Magneto,ZARYA,ENGINEER
Perknowitski,ZARYA,ENGINEER
SqLivA,ZARYA,ENGINEER
EnderBob09,ZARYA,ENGINEER
HZKmamekun,ZARYA,ENGINEER
Kiotake,ZARYA,ENGINEER
Nubeey,ZARYA,ENGINEER
Parrot,ZARYA,ENGINEER
CHEROKEEBILL,ZARYA,ENGINEER
Deviosity,ZARYA,ENGINEER
Chacher,ZARYA,ENGINEER
SIUUUUUUUUUU,ZARYA,ENGINEER
lewdom,ZARYA,ENGINEER
Alexis601,ZARYA,ENGINEER
KingFelwintr,ZARYA,ENGINEER
Blueray,ZARYA,ENGINEER
Bigpune082,ZARYA,ENGINEER
HarisPilton,ZARYA,ENGINEER
なかのこうだい,BRIGITTE,SUPPORT
USELESS,BRIGITTE,SUPPORT
AMETHYST,BRIGITTE,SUPPORT
tarzanDoido,BRIGITTE,SUPPORT
Krychuu,BRIGITTE,SUPPORT
Rhaegon,BRIGITTE,SUPPORT
FlizzashXD,BRIGITTE,SUPPORT
Mitsunari,BRIGITTE,SUPPORT
Exode,BRIGITTE,SUPPORT
Vengeance,BRIGITTE,SUPPORT
FrozenButter,BRIGITTE,SUPPORT
AccursedTM,BRIGITTE,SUPPORT
ave,BRIGITTE,SUPPORT
Onox,BRIGITTE,SUPPORT
Cordy,BRIGITTE,SUPPORT
Salem,BRIGITTE,SUPPORT
GŌDŠĆÅÑBŁĒĒD,BRIGITTE,SUPPORT
TRLUIS25,BRIGITTE,SUPPORT
FemboyRem,BRIGITTE,SUPPORT
DeAdSiLeNc3,BRIGITTE,SUPPORT
Elpololoco20,BRIGITTE,SUPPORT
Amasia,BRIGITTE,SUPPORT
BRB,BRIGITTE,SUPPORT
CrouchyAsh,BRIGITTE,SUPPORT
thriftshop66,BRIGITTE,SUPPORT
MooMoo,BRIGITTE,SUPPORT
emeraldǃ,BRIGITTE,SUPPORT
Bigtuna04,BRIGITTE,SUPPORT
Solace,BRIGITTE,SUPPORT
h4Percival,BRIGITTE,SUPPORT
Pietjes13,HANZO,ASSAULT
diabLew,HANZO,ASSAULT
USELESS,HANZO,ASSAULT
Cri,HANZO,ASSAULT
SewerRat,HANZO,ASSAULT
Locke,HANZO,ASSAULT
eternal,HANZO,ASSAULT
ItzzBigMicky,HANZO,ASSAULT
Zonda,HANZO,ASSAULT
Daltoosh66,HANZO,ASSAULT
teddyson,HANZO,ASSAULT
raz,HANZO,ASSAULT
kairos,HANZO,ASSAULT
Swoly,HANZO,ASSAULT
chidori,HANZO,ASSAULT
KingKong,HANZO,ASSAULT
AURORA,HANZO,ASSAULT
KILLERBEE,HANZO,ASSAULT
Lastknight,HANZO,ASSAULT
PGxMati,HANZO,ASSAULT
Knightwing,HANZO,ASSAULT
cakes,HANZO,ASSAULT
LegoPizzaGuy,HANZO,ASSAULT
Violeto,HANZO,ASSAULT
Oen,HANZO,ASSAULT
ĔŊĐĔŶŜǺŶ,HANZO,ASSAULT
BT160611,HANZO,ASSAULT
SwankyPants,HANZO,ASSAULT
Mozzer2310,HANZO,ASSAULT
Crumblybum,HANZO,ASSAULT
Flyrka,HANZO,ASSAULT
MUMMY,HANZO,ASSAULT
bienpitudo,HANZO,ASSAULT
Reformedbito,HANZO,ASSAULT
Gronk,HANZO,ASSAULT
Svanen,HANZO,ASSAULT
GroßeHydra,HANZO,ASSAULT
Demo,HANZO,ASSAULT
BruceWayne,HANZO,ASSAULT
Bagelmaneat,HANZO,ASSAULT
FocaSegundo,HANZO,ASSAULT
hiku,HANZO,ASSAULT
SUP3RN0V4,HANZO,ASSAULT
Blueray,HANZO,ASSAULT
Qyncx,HANZO,ASSAULT
YareYare,REAPER,ASSAULT
Mickey,REAPER,ASSAULT
J4ke,REAPER,ASSAULT
KingKong,REAPER,ASSAULT
僧間理亜,REAPER,ASSAULT
reaper,REAPER,ASSAULT
zoro,REAPER,ASSAULT
カナリアるーと,REAPER,ASSAULT
SwankyPants,REAPER,ASSAULT
n0rth,REAPER,ASSAULT
Seraph,REAPER,ASSAULT
K24kai06,REAPER,ASSAULT
IkkyCat,REAPER,ASSAULT
Gloku,REAPER,ASSAULT
Himothy,REAPER,ASSAULT
DeAdSiLeNc3,REAPER,ASSAULT
BajaBaddie,REAPER,ASSAULT
Yuki,REAPER,ASSAULT
Rehsile,REAPER,ASSAULT
MǾŊȌĸǙMĦ,ORISA,ENGINEER
Musaiz333,ORISA,ENGINEER
iraDove,ORISA,ENGINEER
Poetential,ORISA,ENGINEER
転生したら,ORISA,ENGINEER
hahahpants,ORISA,ENGINEER
HappyCamprTV,ORISA,ENGINEER
Monk,ORISA,ENGINEER
Buenx,ORISA,ENGINEER
LuckyCharms,ORISA,ENGINEER
Slonio,ORISA,ENGINEER
Kolander,ORISA,ENGINEER
KAAOS,ORISA,ENGINEER
Sethblake97,ORISA,ENGINEER
yungbl00dTV,ORISA,ENGINEER
REAPER,ORISA,ENGINEER
LooseBussÿ,ORISA,ENGINEER
Alexis601,ORISA,ENGINEER
soul,ORISA,ENGINEER
Hikari,ORISA,ENGINEER
OneUWshUHad,ORISA,ENGINEER
Alejan,ORISA,ENGINEER
Superpi,ORISA,ENGINEER
Bigpune082,ORISA,ENGINEER
LupusRex,ORISA,ENGINEER
Noshgosh,ILLARI,SUPPORT
Capshion,ILLARI,SUPPORT
Melody,ILLARI,SUPPORT
Xeno,ILLARI,SUPPORT
Patilios,ILLARI,SUPPORT
JDragonX,ILLARI,SUPPORT
zoharaimTWTR,ILLARI,SUPPORT
FrozenButter,ILLARI,SUPPORT
komorebi,ILLARI,SUPPORT
FlyOver,ILLARI,SUPPORT
Clkwrkkng,ILLARI,SUPPORT
aleixmen,ILLARI,SUPPORT
zoro,ILLARI,SUPPORT
InkyK,ILLARI,SUPPORT
mitsuki4724,ILLARI,SUPPORT
VizzySpuds,ILLARI,SUPPORT
CHEROKEEBILL,ILLARI,SUPPORT
wowitszak,ILLARI,SUPPORT
Roccolo,ILLARI,SUPPORT
Code002,ILLARI,SUPPORT
Ace,ILLARI,SUPPORT
BakinGoD,ILLARI,SUPPORT
Eternal,ILLARI,SUPPORT
Auke,ILLARI,SUPPORT
TheGoot,LIFEWEAVER,SUPPORT
Daemeon,LIFEWEAVER,SUPPORT
RuskyRat,LIFEWEAVER,SUPPORT
Zombiechy,LIFEWEAVER,SUPPORT
Mikleo,LIFEWEAVER,SUPPORT
tarzanDoido,LIFEWEAVER,SUPPORT
zoharaimTWTR,LIFEWEAVER,SUPPORT
AURORA,LIFEWEAVER,SUPPORT
iraDove,LIFEWEAVER,SUPPORT
Vengeance,LIFEWEAVER,SUPPORT
PGxMati,LIFEWEAVER,SUPPORT
aleixmen,LIFEWEAVER,SUPPORT
BREDUUUK,LIFEWEAVER,SUPPORT
Greyson,LIFEWEAVER,SUPPORT
Rhyxali,LIFEWEAVER,SUPPORT
mitsuki4724,LIFEWEAVER,SUPPORT
Salem,LIFEWEAVER,SUPPORT
Tortorous,LIFEWEAVER,SUPPORT
Khione,LIFEWEAVER,SUPPORT
BakinGoD,LIFEWEAVER,SUPPORT
soul,LIFEWEAVER,SUPPORT
Elpololoco20,LIFEWEAVER,SUPPORT
BRB,LIFEWEAVER,SUPPORT
IMBLIND,LIFEWEAVER,SUPPORT
DrNic23,LIFEWEAVER,SUPPORT
h4Percival,LIFEWEAVER,SUPPORT
Rec6ta,SYMMETRA,ASSAULT
Naeris,SYMMETRA,ASSAULT
CharuChanyt,SYMMETRA,ASSAULT
participant,SYMMETRA,ASSAULT
JGooz,SYMMETRA,ASSAULT
OopsLB,SYMMETRA,ASSAULT
FearHenry,SYMMETRA,ASSAULT
Sivieon,SYMMETRA,ASSAULT
julesbeams,SYMMETRA,ASSAULT
Auke,SYMMETRA,ASSAULT
Pietjes13,KIRIKO,SUPPORT
TheGoot,KIRIKO,SUPPORT
Mesjasz,KIRIKO,SUPPORT
leah,KIRIKO,SUPPORT
Absolut0f,KIRIKO,SUPPORT
なかのこうだい,KIRIKO,SUPPORT
Rec6ta,KIRIKO,SUPPORT
aw0k3n,KIRIKO,SUPPORT
星野愛,KIRIKO,SUPPORT
Madiizzz,KIRIKO,SUPPORT
Noshgosh,KIRIKO,SUPPORT
Barbazul,KIRIKO,SUPPORT
Aspen,KIRIKO,SUPPORT
Cloud,KIRIKO,SUPPORT
LemonBat,KIRIKO,SUPPORT
CriM,KIRIKO,SUPPORT
Dilokop,KIRIKO,SUPPORT
МфйЅТЗЯ,KIRIKO,SUPPORT
awexis,KIRIKO,SUPPORT
Sade,KIRIKO,SUPPORT
REVOLUTION,KIRIKO,SUPPORT
Dewsick,KIRIKO,SUPPORT
Mikleo,KIRIKO,SUPPORT
andreaspet,KIRIKO,SUPPORT
NeutralOuija,KIRIKO,SUPPORT
L41D,KIRIKO,SUPPORT
Nickst3r,KIRIKO,SUPPORT
m1ndlezzz,KIRIKO,SUPPORT
すぱこ,KIRIKO,SUPPORT
Melody,KIRIKO,SUPPORT
pineo,KIRIKO,SUPPORT
Alone,KIRIKO,SUPPORT
captainlevi,KIRIKO,SUPPORT
ManchaeLover,KIRIKO,SUPPORT
QrowxClover,KIRIKO,SUPPORT
mL7,KIRIKO,SUPPORT
quibble,KIRIKO,SUPPORT
breakdaearth,KIRIKO,SUPPORT
CharuChanyt,KIRIKO,SUPPORT
Fami,KIRIKO,SUPPORT
Gaaellee,KIRIKO,SUPPORT
RohBro,KIRIKO,SUPPORT
euphoria,KIRIKO,SUPPORT
Awenicks,KIRIKO,SUPPORT
Siege,KIRIKO,SUPPORT
Esteem,KIRIKO,SUPPORT
Babeingrave,KIRIKO,SUPPORT
komorebi,KIRIKO,SUPPORT
AccursedTM,KIRIKO,SUPPORT
ThoSta77,KIRIKO,SUPPORT
lIgrizzolyIl,KIRIKO,SUPPORT
excett,KIRIKO,SUPPORT
Waspd123,KIRIKO,SUPPORT
PGxMati,KIRIKO,SUPPORT
UNCLESHREK,KIRIKO,SUPPORT
MachInFive,KIRIKO,SUPPORT
Generic,KIRIKO,SUPPORT
cakes,KIRIKO,SUPPORT
widowKraizz,KIRIKO,SUPPORT
involvation,KIRIKO,SUPPORT
smoleggo,KIRIKO,SUPPORT
BREDUUUK,KIRIKO,SUPPORT
msjessicaur,KIRIKO,SUPPORT
InkyK,KIRIKO,SUPPORT
Ribosome,KIRIKO,SUPPORT
chicken,KIRIKO,SUPPORT
charin,KIRIKO,SUPPORT
Josh,KIRIKO,SUPPORT
Vectruss,KIRIKO,SUPPORT
PuroPODER,KIRIKO,SUPPORT
Morii,KIRIKO,SUPPORT
Askrel,KIRIKO,SUPPORT
Sport,KIRIKO,SUPPORT
Greyson,KIRIKO,SUPPORT
hisoka,KIRIKO,SUPPORT
HappyCamprTV,KIRIKO,SUPPORT
Mozzer2310,KIRIKO,SUPPORT
FarenDin,KIRIKO,SUPPORT
FAKE,KIRIKO,SUPPORT
xDeadbolt323,KIRIKO,SUPPORT
Aizza,KIRIKO,SUPPORT
YenJ,KIRIKO,SUPPORT
DeadlyPants,KIRIKO,SUPPORT
Cather,KIRIKO,SUPPORT
Ayman,KIRIKO,SUPPORT
Flats,KIRIKO,SUPPORT
CHEROKEEBILL,KIRIKO,SUPPORT
ØA7,KIRIKO,SUPPORT
Eluusion,KIRIKO,SUPPORT
SparkLoaded,KIRIKO,SUPPORT
Washed,KIRIKO,SUPPORT
TarkovChad,KIRIKO,SUPPORT
Calyptx,KIRIKO,SUPPORT
wowitszak,KIRIKO,SUPPORT
cherrybxbe,KIRIKO,SUPPORT
thelefty007,KIRIKO,SUPPORT
FemboyRem,KIRIKO,SUPPORT
catharaina,KIRIKO,SUPPORT
Kantz,KIRIKO,SUPPORT
CEOOFPEGGING,KIRIKO,SUPPORT
アナのあな,KIRIKO,SUPPORT
Heart,KIRIKO,SUPPORT
Mugiwara,KIRIKO,SUPPORT
Bagelmaneat,KIRIKO,SUPPORT
mew,KIRIKO,SUPPORT
NERO,KIRIKO,SUPPORT
Elpololoco20,KIRIKO,SUPPORT
uhmaize,KIRIKO,SUPPORT
Turtle,KIRIKO,SUPPORT
XL8,KIRIKO,SUPPORT
Amasia,KIRIKO,SUPPORT
ShadoSsin,KIRIKO,SUPPORT
EdnasWig,KIRIKO,SUPPORT
éopinas,KIRIKO,SUPPORT
Nut,KIRIKO,SUPPORT
yoshi04cgn04,KIRIKO,SUPPORT
Ballistic,KIRIKO,SUPPORT
xddms,KIRIKO,SUPPORT
Rehsile,KIRIKO,SUPPORT
Player,PHARAH,ASSAULT
Daddy,PHARAH,ASSAULT
D7mY,PHARAH,ASSAULT
HZKmamekun,PHARAH,ASSAULT
SUBAÜWÜ,PHARAH,ASSAULT
Kizuah,PHARAH,ASSAULT
TEVY,PHARAH,ASSAULT
TDiddy1432,PHARAH,ASSAULT
Hyperbolic,PHARAH,ASSAULT
Gandalf,PHARAH,ASSAULT
cob,PHARAH,ASSAULT
SepiaViper,PHARAH,ASSAULT
YareYare,RAMATTRA,ENGINEER
TacticalTony,RAMATTRA,ENGINEER
REVOLUTION,RAMATTRA,ENGINEER
Poetential,RAMATTRA,ENGINEER
Nubbz,RAMATTRA,ENGINEER
ǁŦƕǾŦŜĿǞŶȄŖǁ,RAMATTRA,ENGINEER
hahahpants,RAMATTRA,ENGINEER
fafalure,RAMATTRA,ENGINEER
Godly,RAMATTRA,ENGINEER
zend,RAMATTRA,ENGINEER
Calyptx,RAMATTRA,ENGINEER
NormalTree,RAMATTRA,ENGINEER
YoItsCN,RAMATTRA,ENGINEER
Chica,RAMATTRA,ENGINEER
Mewz,RAMATTRA,ENGINEER
KingFelwintr,RAMATTRA,ENGINEER
majdpod,RAMATTRA,ENGINEER
yoshi04cgn04,RAMATTRA,ENGINEER
Raiine,RAMATTRA,ENGINEER
Hertz4k,RAMATTRA,ENGINEER
星野愛,D.VA,ENGINEER
uzixko,D.VA,ENGINEER
SUSHI,D.VA,ENGINEER
Another,D.VA,ENGINEER
kärpässieni,D.VA,ENGINEER
emongg,D.VA,ENGINEER
StarrBoyx,D.VA,ENGINEER
LǠSSI,D.VA,ENGINEER
lIgrizzolyIl,D.VA,ENGINEER
偽りの名アーサー,D.VA,ENGINEER
転生したら,D.VA,ENGINEER
val,D.VA,ENGINEER
ryuǃ,D.VA,ENGINEER
Flaccid,D.VA,ENGINEER
zend,D.VA,ENGINEER
North,D.VA,ENGINEER
SparkLoaded,D.VA,ENGINEER
cherrybxbe,D.VA,ENGINEER
TEVY,D.VA,ENGINEER
GroßeHydra,D.VA,ENGINEER
Sethblake97,D.VA,ENGINEER
JmoneyTooRaw,D.VA,ENGINEER
Mewz,D.VA,ENGINEER
Pookie,D.VA,ENGINEER
Hxntai,D.VA,ENGINEER
yGllGllP,D.VA,ENGINEER
milk,D.VA,ENGINEER
xmanteboss,D.VA,ENGINEER
BajaBaddie,D.VA,ENGINEER
BubblySoap,D.VA,ENGINEER
HANNAH,D.VA,ENGINEER
KanyeWest,D.VA,ENGINEER
Cabbage,D.VA,ENGINEER
majdpod,D.VA,ENGINEER
rena,D.VA,ENGINEER
OneUWshUHad,D.VA,ENGINEER
oniichan,D.VA,ENGINEER
かわいいモクロー,D.VA,ENGINEER
Bigpune082,D.VA,ENGINEER
DrNic23,D.VA,ENGINEER
scorpixSHOW,CASSIDY,ASSAULT
Latenci,CASSIDY,ASSAULT
NiaNebulis,CASSIDY,ASSAULT
Geist,CASSIDY,ASSAULT
wonyoung,CASSIDY,ASSAULT
WoLF,CASSIDY,ASSAULT
Shinobi,CASSIDY,ASSAULT
Papi,CASSIDY,ASSAULT
Notrya,CASSIDY,ASSAULT
Zeta,CASSIDY,ASSAULT
TofuPiece,CASSIDY,ASSAULT
mahqzj,CASSIDY,ASSAULT
Cri,CASSIDY,ASSAULT
ĒmilŴick,CASSIDY,ASSAULT
Dewsick,CASSIDY,ASSAULT
Frito,CASSIDY,ASSAULT
icedancer,CASSIDY,ASSAULT
sixtaps,CASSIDY,ASSAULT
manually,CASSIDY,ASSAULT
Thais,CASSIDY,ASSAULT
Smehi,CASSIDY,ASSAULT
chidori,CASSIDY,ASSAULT
Lycoris,CASSIDY,ASSAULT
FR2NCH,CASSIDY,ASSAULT
Gacy,CASSIDY,ASSAULT
MegatroN,CASSIDY,ASSAULT
reaper,CASSIDY,ASSAULT
Donka,CASSIDY,ASSAULT
LegoPizzaGuy,CASSIDY,ASSAULT
tako,CASSIDY,ASSAULT
sottoku,CASSIDY,ASSAULT
ǁŦƕǾŦŜĿǞŶȄŖǁ,CASSIDY,ASSAULT
VodKus,CASSIDY,ASSAULT
Crumblybum,CASSIDY,ASSAULT
Lexaezel,CASSIDY,ASSAULT
Sanji,CASSIDY,ASSAULT
SUBAÜWÜ,CASSIDY,ASSAULT
bow,CASSIDY,ASSAULT
OopsLB,CASSIDY,ASSAULT
ChicknRoostr,CASSIDY,ASSAULT
Nizaj,CASSIDY,ASSAULT
Clippn,CASSIDY,ASSAULT
CaSoLoZa,CASSIDY,ASSAULT
Renegade,CASSIDY,ASSAULT
MagicGnome,CASSIDY,ASSAULT
BANG,CASSIDY,ASSAULT
TarkovChad,CASSIDY,ASSAULT
Brent000123,CASSIDY,ASSAULT
Kate,CASSIDY,ASSAULT
Sanes,CASSIDY,ASSAULT
Wrhl,CASSIDY,ASSAULT
BruceWayne,CASSIDY,ASSAULT
アナのあな,CASSIDY,ASSAULT
CHEESE,CASSIDY,ASSAULT
Bagelmaneat,CASSIDY,ASSAULT
hiku,CASSIDY,ASSAULT
Lucky,CASSIDY,ASSAULT
Qyncx,CASSIDY,ASSAULT
HeliosUwU,CASSIDY,ASSAULT
RapBlade,CASSIDY,ASSAULT
Noah,CASSIDY,ASSAULT
Mickey,ASHE,ASSAULT
Atrandos,ASHE,ASSAULT
xLuCy,ASHE,ASSAULT
momo,ASHE,ASSAULT
WoLF,ASHE,ASSAULT
Gonzo,ASHE,ASSAULT
porker,ASHE,ASSAULT
TofuPiece,ASHE,ASSAULT
quack,ASHE,ASSAULT
mahqzj,ASHE,ASSAULT
Jay3,ASHE,ASSAULT
Scarface,ASHE,ASSAULT
ChiefUNO,ASHE,ASSAULT
andreaspet,ASHE,ASSAULT
SteeVurkel,ASHE,ASSAULT
のあ,ASHE,ASSAULT
Locke,ASHE,ASSAULT
Zonda,ASHE,ASSAULT
hatmouse,ASHE,ASSAULT
zerg4500,ASHE,ASSAULT
raz,ASHE,ASSAULT
Mitsunari,ASHE,ASSAULT
Daddy,ASHE,ASSAULT
Esteem,ASHE,ASSAULT
angelvolado,ASHE,ASSAULT
reaper,ASHE,ASSAULT
Macedo,ASHE,ASSAULT
Jus,ASHE,ASSAULT
msjessicaur,ASHE,ASSAULT
Ribosome,ASHE,ASSAULT
Kosi,ASHE,ASSAULT
VM1R,ASHE,ASSAULT
カナリアるーと,ASHE,ASSAULT
ghost,ASHE,ASSAULT
Onox,ASHE,ASSAULT
Kiotake,ASHE,ASSAULT
ryuǃ,ASHE,ASSAULT
GŌDŠĆÅÑBŁĒĒD,ASHE,ASSAULT
ChicknRoostr,ASHE,ASSAULT
Somebody945,ASHE,ASSAULT
Clippn,ASHE,ASSAULT
XxpandaxX,ASHE,ASSAULT
CaSoLoZa,ASHE,ASSAULT
AtlRx,ASHE,ASSAULT
Roccolo,ASHE,ASSAULT
baki,ASHE,ASSAULT
Wrhl,ASHE,ASSAULT
OutHanzoed,ASHE,ASSAULT
CHEESE,ASHE,ASSAULT
lewdom,ASHE,ASSAULT
Kixaro,ASHE,ASSAULT
mew,ASHE,ASSAULT
Plax,ASHE,ASSAULT
Bigtuna04,ASHE,ASSAULT
SepiaViper,ASHE,ASSAULT
Atrandos,SIGMA,ENGINEER
Geist,SIGMA,ENGINEER
xLuCy,SIGMA,ENGINEER
Haoh,SIGMA,ENGINEER
Vondi,SIGMA,ENGINEER
MǾŊȌĸǙMĦ,SIGMA,ENGINEER
SUSHI,SIGMA,ENGINEER
porker,SIGMA,ENGINEER
Another,SIGMA,ENGINEER
ttvichiritis,SIGMA,ENGINEER
Burnbero,SIGMA,ENGINEER
emongg,SIGMA,ENGINEER
Xeno,SIGMA,ENGINEER
StarrBoyx,SIGMA,ENGINEER
ƇĦÄÐ,SIGMA,ENGINEER
RohBro,SIGMA,ENGINEER
Elvis27903,SIGMA,ENGINEER
Teddy,SIGMA,ENGINEER
偽りの名アーサー,SIGMA,ENGINEER
転生したら,SIGMA,ENGINEER
RoboGhost,SIGMA,ENGINEER
tony,SIGMA,ENGINEER
HZKmamekun,SIGMA,ENGINEER
TopGRG,SIGMA,ENGINEER
Rhyxali,SIGMA,ENGINEER
Snickers,SIGMA,ENGINEER
TITAN,SIGMA,ENGINEER
MagicGnome,SIGMA,ENGINEER
SoundsNew,SIGMA,ENGINEER
ryno,SIGMA,ENGINEER
SIUUUUUUUUUU,SIGMA,ENGINEER
Himothy,SIGMA,ENGINEER
Hxntai,SIGMA,ENGINEER
Alexis601,SIGMA,ENGINEER
Mozzarella,SIGMA,ENGINEER
MonkeyLover1,SIGMA,ENGINEER
かわいいモクロー,SIGMA,ENGINEER
leah,MERCY,SUPPORT
Absolut0f,MERCY,SUPPORT
aw0k3n,MERCY,SUPPORT
Madiizzz,MERCY,SUPPORT
momo,MERCY,SUPPORT
LemonBat,MERCY,SUPPORT
raven,MERCY,SUPPORT
AMETHYST,MERCY,SUPPORT
RuskyRat,MERCY,SUPPORT
ChiefUNO,MERCY,SUPPORT
Zombiechy,MERCY,SUPPORT
kärpässieni,MERCY,SUPPORT
tarzanDoido,MERCY,SUPPORT
Naeris,MERCY,SUPPORT
captainlevi,MERCY,SUPPORT
Rhaegon,MERCY,SUPPORT
Tronix,MERCY,SUPPORT
breakdaearth,MERCY,SUPPORT
CharuChanyt,MERCY,SUPPORT
Fami,MERCY,SUPPORT
Gaaellee,MERCY,SUPPORT
euphoria,MERCY,SUPPORT
Siege,MERCY,SUPPORT
LǠSSI,MERCY,SUPPORT
toki,MERCY,SUPPORT
GreenDino,MERCY,SUPPORT
GetGoodKid,MERCY,SUPPORT
Babeingrave,MERCY,SUPPORT
MommyMercy,MERCY,SUPPORT
Rulra,MERCY,SUPPORT
Sunshine,MERCY,SUPPORT
aleixmen,MERCY,SUPPORT
involvation,MERCY,SUPPORT
smoleggo,MERCY,SUPPORT
msjessicaur,MERCY,SUPPORT
chicken,MERCY,SUPPORT
Mirnina,MERCY,SUPPORT
Marionette,MERCY,SUPPORT
charin,MERCY,SUPPORT
EkkoFTW,MERCY,SUPPORT
Greyson,MERCY,SUPPORT
hisoka,MERCY,SUPPORT
VodKus,MERCY,SUPPORT
Salem,MERCY,SUPPORT
Cather,MERCY,SUPPORT
LaMachine136,MERCY,SUPPORT
Nubeey,MERCY,SUPPORT
TRLUIS25,MERCY,SUPPORT
ShinowaSan,MERCY,SUPPORT
Annabelle,MERCY,SUPPORT
baki,MERCY,SUPPORT
FemboyRem,MERCY,SUPPORT
EmeraldOwl,MERCY,SUPPORT
catharaina,MERCY,SUPPORT
MƗKO,MERCY,SUPPORT
NotWidow,MERCY,SUPPORT
Chica,MERCY,SUPPORT
Lastnameboss,MERCY,SUPPORT
IcyGeLo,MERCY,SUPPORT
Heart,MERCY,SUPPORT
Pookie,MERCY,SUPPORT
kawaiioil,MERCY,SUPPORT
Khione,MERCY,SUPPORT
milk,MERCY,SUPPORT
River,MERCY,SUPPORT
mew,MERCY,SUPPORT
znxvaaa,MERCY,SUPPORT
Fireball1207,MERCY,SUPPORT
LooseBussÿ,MERCY,SUPPORT
BajaBaddie,MERCY,SUPPORT
Gandalf,MERCY,SUPPORT
uhmaize,MERCY,SUPPORT
Sean,MERCY,SUPPORT
XL8,MERCY,SUPPORT
HANNAH,MERCY,SUPPORT
EdnasWig,MERCY,SUPPORT
majdpod,MERCY,SUPPORT
Nut,MERCY,SUPPORT
thriftshop66,MERCY,SUPPORT
SUP3RN0V4,MERCY,SUPPORT
emeraldǃ,MERCY,SUPPORT
oniichan,MERCY,SUPPORT
MonkeyLover1,MERCY,SUPPORT
IMBLIND,MERCY,SUPPORT
Toncheck,MERCY,SUPPORT
Solace,MERCY,SUPPORT
HarisPilton,MERCY,SUPPORT
h4Percival,MERCY,SUPPORT
akainu,MERCY,SUPPORT
NoobHunter,TORBJÖRN,ASSAULT
bame,TORBJÖRN,ASSAULT
Frito,TORBJÖRN,ASSAULT
Silvoc,TORBJÖRN,ASSAULT
すぱこ,TORBJÖRN,ASSAULT
pineo,TORBJÖRN,ASSAULT
Daltoosh66,TORBJÖRN,ASSAULT
participant,TORBJÖRN,ASSAULT
Bmfolk511,TORBJÖRN,ASSAULT
Brent000123,TORBJÖRN,ASSAULT
tmvtmv2428,TORBJÖRN,ASSAULT
Eric,TORBJÖRN,ASSAULT
Mewz,TORBJÖRN,ASSAULT
SheeshManess,TORBJÖRN,ASSAULT
River,TORBJÖRN,ASSAULT
JUDGEYATTA,TORBJÖRN,ASSAULT
BRB,TORBJÖRN,ASSAULT
bame,WRECKING BALL,ENGINEER
USELESS,WRECKING BALL,ENGINEER
Supp0r7,WRECKING BALL,ENGINEER
fiendish,WRECKING BALL,ENGINEER
Krychuu,WRECKING BALL,ENGINEER
chlorine,WRECKING BALL,ENGINEER
Magneto,WRECKING BALL,ENGINEER
Perknowitski,WRECKING BALL,ENGINEER
MegatroN,WRECKING BALL,ENGINEER
Teddy,WRECKING BALL,ENGINEER
Nubbz,WRECKING BALL,ENGINEER
Kfredrum,WRECKING BALL,ENGINEER
Chacher,WRECKING BALL,ENGINEER
Ijin,WRECKING BALL,ENGINEER
CrystalGirl,WRECKING BALL,ENGINEER
YoItsCN,WRECKING BALL,ENGINEER
uhmaize,WRECKING BALL,ENGINEER
KanyeWest,WRECKING BALL,ENGINEER
Blueray,WRECKING BALL,ENGINEER
Leb,WRECKING BALL,ENGINEER
Atrandos,REINHARDT,ENGINEER
Player,REINHARDT,ENGINEER
Vondi,REINHARDT,ENGINEER
Dark,REINHARDT,ENGINEER
Zeta,REINHARDT,ENGINEER
fiendish,REINHARDT,ENGINEER
Burnbero,REINHARDT,ENGINEER
Silvoc,REINHARDT,ENGINEER
J4ke,REINHARDT,ENGINEER
ItzzBigMicky,REINHARDT,ENGINEER
ƇĦÄÐ,REINHARDT,ENGINEER
Seegulls,REINHARDT,ENGINEER
Perknowitski,REINHARDT,ENGINEER
Elvis27903,REINHARDT,ENGINEER
participant,REINHARDT,ENGINEER
Oen,REINHARDT,ENGINEER
Chi,REINHARDT,ENGINEER
lhcloudy,REINHARDT,ENGINEER
TopGRG,REINHARDT,ENGINEER
val,REINHARDT,ENGINEER
IkkyCat,REINHARDT,ENGINEER
North,REINHARDT,ENGINEER
Kizuah,REINHARDT,ENGINEER
Buenx,REINHARDT,ENGINEER
CrystalGirl,REINHARDT,ENGINEER
yungbl00dTV,REINHARDT,ENGINEER
Hxntai,REINHARDT,ENGINEER
ChaoticCendi,REINHARDT,ENGINEER
Maliboujee,REINHARDT,ENGINEER
LooseBussÿ,REINHARDT,ENGINEER
Sean,REINHARDT,ENGINEER
KingFelwintr,REINHARDT,ENGINEER
Perogi,REINHARDT,ENGINEER
Hikari,REINHARDT,ENGINEER
Cabbage,REINHARDT,ENGINEER
Mozzarella,REINHARDT,ENGINEER
PHXRH,REINHARDT,ENGINEER
Alejan,REINHARDT,ENGINEER
Semaj,REINHARDT,ENGINEER
かわいいモクロー,REINHARDT,ENGINEER
Azemix96,REINHARDT,ENGINEER
Lilperks,REINHARDT,ENGINEER
HarisPilton,REINHARDT,ENGINEER
NoobHunter,GENJI,ASSAULT
scorpixSHOW,GENJI,ASSAULT
memory,GENJI,ASSAULT
leah,GENJI,ASSAULT
GrakE24,GENJI,ASSAULT
Player,GENJI,ASSAULT
Tele,GENJI,ASSAULT
wonyoung,GENJI,ASSAULT
Gonzo,GENJI,ASSAULT
Kleinebeer,GENJI,ASSAULT
angelic,GENJI,ASSAULT
Cosmic,GENJI,ASSAULT
ProdAngelo,GENJI,ASSAULT
ĒmilŴick,GENJI,ASSAULT
のあ,GENJI,ASSAULT
Locke,GENJI,ASSAULT
eternal,GENJI,ASSAULT
kairos,GENJI,ASSAULT
sixtaps,GENJI,ASSAULT
benben0724,GENJI,ASSAULT
ぽぽコ,GENJI,ASSAULT
Bready,GENJI,ASSAULT
Smehi,GENJI,ASSAULT
chidori,GENJI,ASSAULT
Lycoris,GENJI,ASSAULT
AURORA,GENJI,ASSAULT
mob,GENJI,ASSAULT
ふいりちゃん,GENJI,ASSAULT
ITridenteI,GENJI,ASSAULT
ave,GENJI,ASSAULT
PaulMiller,GENJI,ASSAULT
僧間理亜,GENJI,ASSAULT
MegatroN,GENJI,ASSAULT
shun,GENJI,ASSAULT
widowKraizz,GENJI,ASSAULT
Dimiselord,GENJI,ASSAULT
Jus,GENJI,ASSAULT
Chi,GENJI,ASSAULT
BT160611,GENJI,ASSAULT
修羅パンツ,GENJI,ASSAULT
lhcloudy,GENJI,ASSAULT
StatRekt,GENJI,ASSAULT
FarenDin,GENJI,ASSAULT
Antstein,GENJI,ASSAULT
Knxght,GENJI,ASSAULT
FAKE,GENJI,ASSAULT
YenJ,GENJI,ASSAULT
fafalure,GENJI,ASSAULT
Ayman,GENJI,ASSAULT
Flyrka,GENJI,ASSAULT
MUMMY,GENJI,ASSAULT
Nubeey,GENJI,ASSAULT
Alangg,GENJI,ASSAULT
TigerLilly,GENJI,ASSAULT
Reformedbito,GENJI,ASSAULT
Clippn,GENJI,ASSAULT
TITAN,GENJI,ASSAULT
Chacher,GENJI,ASSAULT
TarkovChad,GENJI,ASSAULT
ShinowaSan,GENJI,ASSAULT
Sanes,GENJI,ASSAULT
CEOOFPEGGING,GENJI,ASSAULT
malumraw,GENJI,ASSAULT
Kissland2013,GENJI,ASSAULT
FatherInLaw,GENJI,ASSAULT
FocaSegundo,GENJI,ASSAULT
hiku,GENJI,ASSAULT
Raiine,GENJI,ASSAULT
Yuki,GENJI,ASSAULT
Phantom,GENJI,ASSAULT
Semaj,GENJI,ASSAULT
HeliosUwU,GENJI,ASSAULT
Azemix96,GENJI,ASSAULT
Lilperks,GENJI,ASSAULT
akainu,GENJI,ASSAULT
Noah,GENJI,ASSAULT
Gonzo,SOMBRA,ASSAULT
laxant3,SOMBRA,ASSAULT
Crabus,SOMBRA,ASSAULT
Cruvax,SOMBRA,ASSAULT
SteeVurkel,SOMBRA,ASSAULT
Metro,SOMBRA,ASSAULT
myyntee,SOMBRA,ASSAULT
mob,SOMBRA,ASSAULT
PaulMiller,SOMBRA,ASSAULT
RoyalDumbass,SOMBRA,ASSAULT
Knightwing,SOMBRA,ASSAULT
EasyIce,SOMBRA,ASSAULT
LuckyOWL,SOMBRA,ASSAULT
Vectruss,SOMBRA,ASSAULT
Sport,SOMBRA,ASSAULT
ghost,SOMBRA,ASSAULT
Crumblybum,SOMBRA,ASSAULT
OopsLB,SOMBRA,ASSAULT
TigerLilly,SOMBRA,ASSAULT
CaSoLoZa,SOMBRA,ASSAULT
cherrybxbe,SOMBRA,ASSAULT
Ijin,SOMBRA,ASSAULT
Eric,SOMBRA,ASSAULT
Amasia,SOMBRA,ASSAULT
JUDGEYATTA,SOMBRA,ASSAULT
éopinas,SOMBRA,ASSAULT
Toncheck,SOMBRA,ASSAULT
ƇĦÄÐ,ROADHOG,ENGINEER
FlizzashXD,ROADHOG,ENGINEER
ØWRülë34GøD,ROADHOG,ENGINEER
LǠSSI,ROADHOG,ENGINEER
Poetential,ROADHOG,ENGINEER
Antstein,ROADHOG,ENGINEER
SUBAÜWÜ,ROADHOG,ENGINEER
SoundsNew,ROADHOG,ENGINEER
Annabelle,ROADHOG,ENGINEER
SIUUUUUUUUUU,ROADHOG,ENGINEER
Dawg,ROADHOG,ENGINEER
milk,ROADHOG,ENGINEER
Hyperbolic,ROADHOG,ENGINEER
Maliboujee,ROADHOG,ENGINEER
Perogi,ROADHOG,ENGINEER
Cabbage,ROADHOG,ENGINEER
Mozzarella,ROADHOG,ENGINEER
BootySnatcha,ROADHOG,ENGINEER
Phantom,ROADHOG,ENGINEER
Lilperks,ROADHOG,ENGINEER
NoobHunter,MOIRA,SUPPORT
Daemeon,MOIRA,SUPPORT
Cloud,MOIRA,SUPPORT
raven,MOIRA,SUPPORT
AMETHYST,MOIRA,SUPPORT
mahqzj,MOIRA,SUPPORT
REVOLUTION,MOIRA,SUPPORT
Zombiechy,MOIRA,SUPPORT
NeutralOuija,MOIRA,SUPPORT
kärpässieni,MOIRA,SUPPORT
captainlevi,MOIRA,SUPPORT
benben0724,MOIRA,SUPPORT
TrippyHippy,MOIRA,SUPPORT
ØWRülë34GøD,MOIRA,SUPPORT
Gaaellee,MOIRA,SUPPORT
Exode,MOIRA,SUPPORT
Awenicks,MOIRA,SUPPORT
toki,MOIRA,SUPPORT
GreenDino,MOIRA,SUPPORT
Vengeance,MOIRA,SUPPORT
GetGoodKid,MOIRA,SUPPORT
AccursedTM,MOIRA,SUPPORT
MoodyCloudz,MOIRA,SUPPORT
Waspd123,MOIRA,SUPPORT
MachInFive,MOIRA,SUPPORT
RealLukiyas,MOIRA,SUPPORT
Generic,MOIRA,SUPPORT
involvation,MOIRA,SUPPORT
EnderBob09,MOIRA,SUPPORT
smoleggo,MOIRA,SUPPORT
InkyK,MOIRA,SUPPORT
Marionette,MOIRA,SUPPORT
Vectruss,MOIRA,SUPPORT
Aizza,MOIRA,SUPPORT
DeadlyPants,MOIRA,SUPPORT
JGooz,MOIRA,SUPPORT
Snickers,MOIRA,SUPPORT
Parrot,MOIRA,SUPPORT
GritznGravy,MOIRA,SUPPORT
Bmfolk511,MOIRA,SUPPORT
Slonio,MOIRA,SUPPORT
SoundsNew,MOIRA,SUPPORT
NormalTree,MOIRA,SUPPORT
Annabelle,MOIRA,SUPPORT
LameColors,MOIRA,SUPPORT
TDiddy1432,MOIRA,SUPPORT
Svanen,MOIRA,SUPPORT
GroßeHydra,MOIRA,SUPPORT
NoSkill,MOIRA,SUPPORT
tmvtmv2428,MOIRA,SUPPORT
EmeraldOwl,MOIRA,SUPPORT
Sethblake97,MOIRA,SUPPORT
catharaina,MOIRA,SUPPORT
yungbl00dTV,MOIRA,SUPPORT
Himothy,MOIRA,SUPPORT
Lastnameboss,MOIRA,SUPPORT
IcyGeLo,MOIRA,SUPPORT
Heart,MOIRA,SUPPORT
SheeshManess,MOIRA,SUPPORT
Pookie,MOIRA,SUPPORT
yGllGllP,MOIRA,SUPPORT
ChaoticCendi,MOIRA,SUPPORT
River,MOIRA,SUPPORT
Kndr,MOIRA,SUPPORT
LebronneSped,MOIRA,SUPPORT
Fireball1207,MOIRA,SUPPORT
ShadoSsin,MOIRA,SUPPORT
HANNAH,MOIRA,SUPPORT
KanyeWest,MOIRA,SUPPORT
EdnasWig,MOIRA,SUPPORT
CrouchyAsh,MOIRA,SUPPORT
Ballistic,MOIRA,SUPPORT
SUP3RN0V4,MOIRA,SUPPORT
oniichan,MOIRA,SUPPORT
Superpi,MOIRA,SUPPORT
FORCETRAIN,MOIRA,SUPPORT
DrNic23,MOIRA,SUPPORT
LupusRex,MOIRA,SUPPORT
Latenci,TRACER,ASSAULT
laxant3,TRACER,ASSAULT
Papi,TRACER,ASSAULT
CriM,TRACER,ASSAULT
Jay3,TRACER,ASSAULT
angelic,TRACER,ASSAULT
Cosmic,TRACER,ASSAULT
ProdAngelo,TRACER,ASSAULT
icedancer,TRACER,ASSAULT
QrowxClover,TRACER,ASSAULT
manually,TRACER,ASSAULT
Smehi,TRACER,ASSAULT
Gacy,TRACER,ASSAULT
ThoSta77,TRACER,ASSAULT
僧間理亜,TRACER,ASSAULT
angelvolado,TRACER,ASSAULT
GeeGeek,TRACER,ASSAULT
shun,TRACER,ASSAULT
Kosi,TRACER,ASSAULT
カナリアるーと,TRACER,ASSAULT
Ayman,TRACER,ASSAULT
Alangg,TRACER,ASSAULT
Nizaj,TRACER,ASSAULT
Gloku,TRACER,ASSAULT
Renegade,TRACER,ASSAULT
Sivieon,TRACER,ASSAULT
AtlRx,TRACER,ASSAULT
NoSkill,TRACER,ASSAULT
tmvtmv2428,TRACER,ASSAULT
Kantz,TRACER,ASSAULT
OutHanzoed,TRACER,ASSAULT
Khione,TRACER,ASSAULT
Kixaro,TRACER,ASSAULT
MooMoo,TRACER,ASSAULT
Ballistic,TRACER,ASSAULT
Semaj,TRACER,ASSAULT
Toncheck,TRACER,ASSAULT
RapBlade,TRACER,ASSAULT
Vondi,WINSTON,ENGINEER
Alone,WINSTON,ENGINEER
Magneto,WINSTON,ENGINEER
Elvis27903,WINSTON,ENGINEER
偽りの名アーサー,WINSTON,ENGINEER
RoboGhost,WINSTON,ENGINEER
tony,WINSTON,ENGINEER
Godly,WINSTON,ENGINEER
znxvaaa,WINSTON,ENGINEER
Perogi,WINSTON,ENGINEER
Superpi,WINSTON,ENGINEER
Pietjes13,BAPTISTE,SUPPORT
memory,BAPTISTE,SUPPORT
Capshion,BAPTISTE,SUPPORT
Dilokop,BAPTISTE,SUPPORT
Supp0r7,BAPTISTE,SUPPORT
Kleinebeer,BAPTISTE,SUPPORT
TacticalTony,BAPTISTE,SUPPORT
Sade,BAPTISTE,SUPPORT
Burnbero,BAPTISTE,SUPPORT
FEMBOYSPORTǃ,BAPTISTE,SUPPORT
Melody,BAPTISTE,SUPPORT
teddyson,BAPTISTE,SUPPORT
CarryPotter,BAPTISTE,SUPPORT
Patilios,BAPTISTE,SUPPORT
Rhaegon,BAPTISTE,SUPPORT
NaCl,BAPTISTE,SUPPORT
mL7,BAPTISTE,SUPPORT
quibble,BAPTISTE,SUPPORT
ぽぽコ,BAPTISTE,SUPPORT
Exode,BAPTISTE,SUPPORT
ふいりちゃん,BAPTISTE,SUPPORT
Gacy,BAPTISTE,SUPPORT
FEAR,BAPTISTE,SUPPORT
excett,BAPTISTE,SUPPORT
RoyalDumbass,BAPTISTE,SUPPORT
Donka,BAPTISTE,SUPPORT
UNCLESHREK,BAPTISTE,SUPPORT
Megaman1624,BAPTISTE,SUPPORT
Macedo,BAPTISTE,SUPPORT
Dimiselord,BAPTISTE,SUPPORT
Josh,BAPTISTE,SUPPORT
LuckyOWL,BAPTISTE,SUPPORT
HUNT3R,BAPTISTE,SUPPORT
PuroPODER,BAPTISTE,SUPPORT
Bomber,BAPTISTE,SUPPORT
Sport,BAPTISTE,SUPPORT
EkkoFTW,BAPTISTE,SUPPORT
StatRekt,BAPTISTE,SUPPORT
HappyCamprTV,BAPTISTE,SUPPORT
Cordy,BAPTISTE,SUPPORT
xDeadbolt323,BAPTISTE,SUPPORT
DeadlyPants,BAPTISTE,SUPPORT
ryuǃ,BAPTISTE,SUPPORT
GŌDŠĆÅÑBŁĒĒD,BAPTISTE,SUPPORT
Snickers,BAPTISTE,SUPPORT
Somebody945,BAPTISTE,SUPPORT
Saxx,BAPTISTE,SUPPORT
LuckyCharms,BAPTISTE,SUPPORT
Washed,BAPTISTE,SUPPORT
thelefty007,BAPTISTE,SUPPORT
Roccolo,BAPTISTE,SUPPORT
Tortorous,BAPTISTE,SUPPORT
Dawg,BAPTISTE,SUPPORT
Ace,BAPTISTE,SUPPORT
Kndr,BAPTISTE,SUPPORT
xmanteboss,BAPTISTE,SUPPORT
Mugiwara,BAPTISTE,SUPPORT
Hyperbolic,BAPTISTE,SUPPORT
BakinGoD,BAPTISTE,SUPPORT
Turtle,BAPTISTE,SUPPORT
XL8,BAPTISTE,SUPPORT
Eternal,BAPTISTE,SUPPORT
rena,BAPTISTE,SUPPORT
Hertz4k,BAPTISTE,SUPPORT
Bigtuna04,BAPTISTE,SUPPORT
Leb,BAPTISTE,SUPPORT
NiaNebulis,DOOMFIST,ENGINEER
diabLew,DOOMFIST,ENGINEER
Shinobi,DOOMFIST,ENGINEER
Haoh,DOOMFIST,ENGINEER
ttvichiritis,DOOMFIST,ENGINEER
kairos,DOOMFIST,ENGINEER
breakdaearth,DOOMFIST,ENGINEER
Bready,DOOMFIST,ENGINEER
Clkwrkkng,DOOMFIST,ENGINEER
shun,DOOMFIST,ENGINEER
Teddy,DOOMFIST,ENGINEER
RealLukiyas,DOOMFIST,ENGINEER
widowKraizz,DOOMFIST,ENGINEER
RoboGhost,DOOMFIST,ENGINEER
PuroPODER,DOOMFIST,ENGINEER
hocuxpocux,DOOMFIST,ENGINEER
sottoku,DOOMFIST,ENGINEER
joshgach,DOOMFIST,ENGINEER
VodKus,DOOMFIST,ENGINEER
Onox,DOOMFIST,ENGINEER
Cordy,DOOMFIST,ENGINEER
Darkrai,DOOMFIST,ENGINEER
Godly,DOOMFIST,ENGINEER
Flyrka,DOOMFIST,ENGINEER
Flats,DOOMFIST,ENGINEER
Monk,DOOMFIST,ENGINEER
IkkyCat,DOOMFIST,ENGINEER
TITAN,DOOMFIST,ENGINEER
GritznGravy,DOOMFIST,ENGINEER
ryno,DOOMFIST,ENGINEER
Brent000123,DOOMFIST,ENGINEER
Gronk,DOOMFIST,ENGINEER
Ijin,DOOMFIST,ENGINEER
JmoneyTooRaw,DOOMFIST,ENGINEER
malumraw,DOOMFIST,ENGINEER
kawaiioil,DOOMFIST,ENGINEER
soul,DOOMFIST,ENGINEER
cob,DOOMFIST,ENGINEER
Qyncx,DOOMFIST,ENGINEER
BootySnatcha,DOOMFIST,ENGINEER
HeliosUwU,DOOMFIST,ENGINEER
Leb,DOOMFIST,ENGINEER
scorpixSHOW,SOLDIER: 76,ASSAULT
YareYare,SOLDIER: 76,ASSAULT
NiaNebulis,SOLDIER: 76,ASSAULT
Rec6ta,SOLDIER: 76,ASSAULT
Geist,SOLDIER: 76,ASSAULT
wonyoung,SOLDIER: 76,ASSAULT
Daemeon,SOLDIER: 76,ASSAULT
Notrya,SOLDIER: 76,ASSAULT
Musaiz333,SOLDIER: 76,ASSAULT
zexot,SOLDIER: 76,ASSAULT
TofuPiece,SOLDIER: 76,ASSAULT
Jay3,SOLDIER: 76,ASSAULT
TacticalTony,SOLDIER: 76,ASSAULT
awexis,SOLDIER: 76,ASSAULT
ĒmilŴick,SOLDIER: 76,ASSAULT
SewerRat,SOLDIER: 76,ASSAULT
Frito,SOLDIER: 76,ASSAULT
Krychuu,SOLDIER: 76,ASSAULT
FEMBOYSPORTǃ,SOLDIER: 76,ASSAULT
Zonda,SOLDIER: 76,ASSAULT
Metro,SOLDIER: 76,ASSAULT
hatmouse,SOLDIER: 76,ASSAULT
zerg4500,SOLDIER: 76,ASSAULT
teddyson,SOLDIER: 76,ASSAULT
raz,SOLDIER: 76,ASSAULT
JDragonX,SOLDIER: 76,ASSAULT
NaCl,SOLDIER: 76,ASSAULT
Swoly,SOLDIER: 76,ASSAULT
Tronix,SOLDIER: 76,ASSAULT
benben0724,SOLDIER: 76,ASSAULT
Thais,SOLDIER: 76,ASSAULT
Mitsunari,SOLDIER: 76,ASSAULT
RohBro,SOLDIER: 76,ASSAULT
zoharaimTWTR,SOLDIER: 76,ASSAULT
FR2NCH,SOLDIER: 76,ASSAULT
KILLERBEE,SOLDIER: 76,ASSAULT
ITridenteI,SOLDIER: 76,ASSAULT
Seegulls,SOLDIER: 76,ASSAULT
komorebi,SOLDIER: 76,ASSAULT
FEAR,SOLDIER: 76,ASSAULT
SqLivA,SOLDIER: 76,ASSAULT
MoodyCloudz,SOLDIER: 76,ASSAULT
FlyOver,SOLDIER: 76,ASSAULT
Lastknight,SOLDIER: 76,ASSAULT
D7mY,SOLDIER: 76,ASSAULT
Megaman1624,SOLDIER: 76,ASSAULT
LegoPizzaGuy,SOLDIER: 76,ASSAULT
Violeto,SOLDIER: 76,ASSAULT
Dimiselord,SOLDIER: 76,ASSAULT
Ribosome,SOLDIER: 76,ASSAULT
Oen,SOLDIER: 76,ASSAULT
Josh,SOLDIER: 76,ASSAULT
ĔŊĐĔŶŜǺŶ,SOLDIER: 76,ASSAULT
HUNT3R,SOLDIER: 76,ASSAULT
VM1R,SOLDIER: 76,ASSAULT
修羅パンツ,SOLDIER: 76,ASSAULT
SwankyPants,SOLDIER: 76,ASSAULT
hocuxpocux,SOLDIER: 76,ASSAULT
sottoku,SOLDIER: 76,ASSAULT
YenJ,SOLDIER: 76,ASSAULT
val,SOLDIER: 76,ASSAULT
Lexaezel,SOLDIER: 76,ASSAULT
Sanji,SOLDIER: 76,ASSAULT
bow,SOLDIER: 76,ASSAULT
FearHenry,SOLDIER: 76,ASSAULT
K24kai06,SOLDIER: 76,ASSAULT
VizzySpuds,SOLDIER: 76,ASSAULT
Alangg,SOLDIER: 76,ASSAULT
Nizaj,SOLDIER: 76,ASSAULT
Reformedbito,SOLDIER: 76,ASSAULT
Parrot,SOLDIER: 76,ASSAULT
Kfredrum,SOLDIER: 76,ASSAULT
Buenx,SOLDIER: 76,ASSAULT
BANG,SOLDIER: 76,ASSAULT
Cuible,SOLDIER: 76,ASSAULT
Slonio,SOLDIER: 76,ASSAULT
Calyptx,SOLDIER: 76,ASSAULT
ShinowaSan,SOLDIER: 76,ASSAULT
StevoMali3,SOLDIER: 76,ASSAULT
Hølk,SOLDIER: 76,ASSAULT
Sanes,SOLDIER: 76,ASSAULT
Kolander,SOLDIER: 76,ASSAULT
NoSkill,SOLDIER: 76,ASSAULT
Code002,SOLDIER: 76,ASSAULT
Demo,SOLDIER: 76,ASSAULT
JmoneyTooRaw,SOLDIER: 76,ASSAULT
MƗKO,SOLDIER: 76,ASSAULT
NotWidow,SOLDIER: 76,ASSAULT
CHEESE,SOLDIER: 76,ASSAULT
Alex15can,SOLDIER: 76,ASSAULT
DeAdSiLeNc3,SOLDIER: 76,ASSAULT
Ace,SOLDIER: 76,ASSAULT
Kixaro,SOLDIER: 76,ASSAULT
NERO,SOLDIER: 76,ASSAULT
Turtle,SOLDIER: 76,ASSAULT
thadeli,SOLDIER: 76,ASSAULT
rena,SOLDIER: 76,ASSAULT
Yuki,SOLDIER: 76,ASSAULT
Hertz4k,SOLDIER: 76,ASSAULT
JustPsyco,SOLDIER: 76,ASSAULT
xddms,SOLDIER: 76,ASSAULT
Azemix96,SOLDIER: 76,ASSAULT
FORCETRAIN,SOLDIER: 76,ASSAULT
Rehsile,SOLDIER: 76,ASSAULT
ƁEAR,JUNKRAT,ASSAULT
SewerRat,JUNKRAT,ASSAULT
J4ke,JUNKRAT,ASSAULT
Swoly,JUNKRAT,ASSAULT
FlizzashXD,JUNKRAT,ASSAULT
KILLERBEE,JUNKRAT,ASSAULT
Lastknight,JUNKRAT,ASSAULT
EnderBob09,JUNKRAT,ASSAULT
BREDUUUK,JUNKRAT,ASSAULT
tako,JUNKRAT,ASSAULT
修羅パンツ,JUNKRAT,ASSAULT
n0rth,JUNKRAT,ASSAULT
zyKii,JUNKRAT,ASSAULT
VizzySpuds,JUNKRAT,ASSAULT
Kizuah,JUNKRAT,ASSAULT
BANG,JUNKRAT,ASSAULT
malumraw,JUNKRAT,ASSAULT
FatherInLaw,JUNKRAT,ASSAULT
znxvaaa,JUNKRAT,ASSAULT
FocaSegundo,JUNKRAT,ASSAULT
Auke,JUNKRAT,ASSAULT
PHXRH,JUNKRAT,ASSAULT
FORCETRAIN,JUNKRAT,ASSAULT
Haoh,BASTION,ASSAULT
Notrya,BASTION,ASSAULT
quack,BASTION,ASSAULT
МфйЅТЗЯ,BASTION,ASSAULT
FEMBOYSPORTǃ,BASTION,ASSAULT
マイティ躁,BASTION,ASSAULT
ItzzBigMicky,BASTION,ASSAULT
zerg4500,BASTION,ASSAULT
Thais,BASTION,ASSAULT
TrippyHippy,BASTION,ASSAULT
KingKong,BASTION,ASSAULT
Babeingrave,BASTION,ASSAULT
MoodyCloudz,BASTION,ASSAULT
FlyOver,BASTION,ASSAULT
zoro,BASTION,ASSAULT
Mirnina,BASTION,ASSAULT
LuckyOWL,BASTION,ASSAULT
HUNT3R,BASTION,ASSAULT
hahahpants,BASTION,ASSAULT
Rhyxali,BASTION,ASSAULT
North,BASTION,ASSAULT
TRLUIS25,BASTION,ASSAULT
TEVY,BASTION,ASSAULT
StevoMali3,BASTION,ASSAULT
Hølk,BASTION,ASSAULT
baki,BASTION,ASSAULT
KAAOS,BASTION,ASSAULT
Eric,BASTION,ASSAULT
ChaoticCendi,BASTION,ASSAULT
Morrison,BASTION,ASSAULT
Plax,BASTION,ASSAULT
LupusRex,BASTION,ASSAULT
Mickey,JUNKER QUEEN,ENGINEER
diabLew,JUNKER QUEEN,ENGINEER
MǾŊȌĸǙMĦ,JUNKER QUEEN,ENGINEER
porker,JUNKER QUEEN,ENGINEER
МфйЅТЗЯ,JUNKER QUEEN,ENGINEER
Him,JUNKER QUEEN,ENGINEER
Xeno,JUNKER QUEEN,ENGINEER
chlorine,JUNKER QUEEN,ENGINEER
lIgrizzolyIl,JUNKER QUEEN,ENGINEER
EasyIce,JUNKER QUEEN,ENGINEER
Chi,JUNKER QUEEN,ENGINEER
TopGRG,JUNKER QUEEN,ENGINEER
FarenDin,JUNKER QUEEN,ENGINEER
Cuible,JUNKER QUEEN,ENGINEER
wowitszak,JUNKER QUEEN,ENGINEER
YoItsCN,JUNKER QUEEN,ENGINEER
SoggyRatTrea,JUNKER QUEEN,ENGINEER
Hikari,JUNKER QUEEN,ENGINEER
Raiine,JUNKER QUEEN,ENGINEER
TheGoot,ANA,SUPPORT
memory,ANA,SUPPORT
Absolut0f,ANA,SUPPORT
GrakE24,ANA,SUPPORT
なかのこうだい,ANA,SUPPORT
aw0k3n,ANA,SUPPORT
星野愛,ANA,SUPPORT
Tele,ANA,SUPPORT
momo,ANA,SUPPORT
Noshgosh,ANA,SUPPORT
Capshion,ANA,SUPPORT
Dark,ANA,SUPPORT
Barbazul,ANA,SUPPORT
Aspen,ANA,SUPPORT
Cloud,ANA,SUPPORT
LemonBat,ANA,SUPPORT
CriM,ANA,SUPPORT
raven,ANA,SUPPORT
Dilokop,ANA,SUPPORT
Supp0r7,ANA,SUPPORT
Zeta,ANA,SUPPORT
RuskyRat,ANA,SUPPORT
awexis,ANA,SUPPORT
Sade,ANA,SUPPORT
Dewsick,ANA,SUPPORT
Scarface,ANA,SUPPORT
Cruvax,ANA,SUPPORT
ChiefUNO,ANA,SUPPORT
Mikleo,ANA,SUPPORT
NeutralOuija,ANA,SUPPORT
L41D,ANA,SUPPORT
Nickst3r,ANA,SUPPORT
m1ndlezzz,ANA,SUPPORT
すぱこ,ANA,SUPPORT
マイティ躁,ANA,SUPPORT
pineo,ANA,SUPPORT
Him,ANA,SUPPORT
Alone,ANA,SUPPORT
CarryPotter,ANA,SUPPORT
Patilios,ANA,SUPPORT
ManchaeLover,ANA,SUPPORT
JDragonX,ANA,SUPPORT
QrowxClover,ANA,SUPPORT
NaCl,ANA,SUPPORT
mL7,ANA,SUPPORT
sixtaps,ANA,SUPPORT
quibble,ANA,SUPPORT
Tronix,ANA,SUPPORT
ぽぽコ,ANA,SUPPORT
Fami,ANA,SUPPORT
Bready,ANA,SUPPORT
euphoria,ANA,SUPPORT
Lycoris,ANA,SUPPORT
Awenicks,ANA,SUPPORT
Siege,ANA,SUPPORT
myyntee,ANA,SUPPORT
toki,ANA,SUPPORT
mob,ANA,SUPPORT
ふいりちゃん,ANA,SUPPORT
GreenDino,ANA,SUPPORT
GetGoodKid,ANA,SUPPORT
ThoSta77,ANA,SUPPORT
excett,ANA,SUPPORT
Donka,ANA,SUPPORT
UNCLESHREK,ANA,SUPPORT
D7mY,ANA,SUPPORT
MachInFive,ANA,SUPPORT
Rulra,ANA,SUPPORT
RealLukiyas,ANA,SUPPORT
DiegoAZ,ANA,SUPPORT
Sunshine,ANA,SUPPORT
cakes,ANA,SUPPORT
Jus,ANA,SUPPORT
chicken,ANA,SUPPORT
Mirnina,ANA,SUPPORT
EasyIce,ANA,SUPPORT
charin,ANA,SUPPORT
Nubbz,ANA,SUPPORT
Morii,ANA,SUPPORT
Bomber,ANA,SUPPORT
hocuxpocux,ANA,SUPPORT
Askrel,ANA,SUPPORT
ǁŦƕǾŦŜĿǞŶȄŖǁ,ANA,SUPPORT
EkkoFTW,ANA,SUPPORT
StatRekt,ANA,SUPPORT
hisoka,ANA,SUPPORT
Mozzer2310,ANA,SUPPORT
Antstein,ANA,SUPPORT
mitsuki4724,ANA,SUPPORT
FAKE,ANA,SUPPORT
Cather,ANA,SUPPORT
Flats,ANA,SUPPORT
Monk,ANA,SUPPORT
bow,ANA,SUPPORT
ChicknRoostr,ANA,SUPPORT
zyKii,ANA,SUPPORT
LaMachine136,ANA,SUPPORT
TigerLilly,ANA,SUPPORT
Saxx,ANA,SUPPORT
XxpandaxX,ANA,SUPPORT
Kfredrum,ANA,SUPPORT
LuckyCharms,ANA,SUPPORT
Cuible,ANA,SUPPORT
AtlRx,ANA,SUPPORT
NormalTree,ANA,SUPPORT
Gronk,ANA,SUPPORT
Kate,ANA,SUPPORT
LameColors,ANA,SUPPORT
julesbeams,ANA,SUPPORT
thelefty007,ANA,SUPPORT
Tortorous,ANA,SUPPORT
Wrhl,ANA,SUPPORT
Code002,ANA,SUPPORT
CEOOFPEGGING,ANA,SUPPORT
Chica,ANA,SUPPORT
アナのあな,ANA,SUPPORT
Turtlemanbob,ANA,SUPPORT
Alex15can,ANA,SUPPORT
Kndr,ANA,SUPPORT
xmanteboss,ANA,SUPPORT
Mugiwara,ANA,SUPPORT
REAPER,ANA,SUPPORT
NERO,ANA,SUPPORT
ShadoSsin,ANA,SUPPORT
éopinas,ANA,SUPPORT
Lucky,ANA,SUPPORT
thadeli,ANA,SUPPORT
MooMoo,ANA,SUPPORT
JustPsyco,ANA,SUPPORT
emeraldǃ,ANA,SUPPORT
xddms,ANA,SUPPORT
PHXRH,ANA,SUPPORT
IMBLIND,ANA,SUPPORT
akainu,ANA,SUPPORT
zFanfarrao,TWITCH,RECON
Blood Artist,TWITCH,RECON
NoboIe,TWITCH,RECON
xSWAT_OF_lRAQx,TWITCH,RECON
NIRVlA,TWITCH,RECON
Hurri-86,TWITCH,RECON
Booelol,TWITCH,RECON
jokerstar,TWITCH,RECON
Insolint,TWITCH,RECON
M9.-,TWITCH,RECON
Il713lI-SkyL1ne,TWITCH,RECON
qZentorix,TWITCH,RECON
JERRY-TO-97,TWITCH,RECON
Filthy6,TWITCH,RECON
myslina7,TWITCH,RECON
LittIeFoote,TWITCH,RECON
High Profiled,TWITCH,RECON
GS BROLY,TWITCH,RECON
GhostSmokedArmy,TWITCH,RECON
X_X_XT3NTACI00N,TWITCH,RECON
oMuLm,TWITCH,RECON
OneOldXia.,TWITCH,RECON
Canical,TWITCH,RECON
TheuzDELICIO,TWITCH,RECON
Kaf-Sin-Kaf,TWITCH,RECON
zMotxBoy,TWITCH,RECON
KillerUnit82,TWITCH,RECON
Ytica,TWITCH,RECON
CoIIada,TWITCH,RECON
jefesz,TWITCH,RECON
WHOSEmxns,TWITCH,RECON
Obe2d,TWITCH,RECON
IIPFII,TWITCH,RECON
iDevilize,TWITCH,RECON
Zed.Smurf,TWITCH,RECON
EMILYRATAJKOWSKl,TWITCH,RECON
Punk_Deer.,TWITCH,RECON
Camilluh,TWITCH,RECON
JAYLRZ,TWITCH,RECON
kinkistudx,TWITCH,RECON
Twyhard,TWITCH,RECON
pianotaxfraud26,TWITCH,RECON
Swaggy4Sure,TWITCH,RECON
Pina,TWITCH,RECON
Kjngkvng,TWITCH,RECON
DONT_PEEK_ME02,TWITCH,RECON
manuelno,TWITCH,RECON
ID-QUAKER,TWITCH,RECON
g3offrey,TWITCH,RECON
Fraqger,TWITCH,RECON
Spoken Voltz,TWITCH,RECON
W2Abood,TWITCH,RECON
WhatRYouAimingAt,TWITCH,RECON
AIienista,TWITCH,RECON
JaveAsarais,TWITCH,RECON
TwiXxoTwisT,TWITCH,RECON
ST4BLE,TWITCH,RECON
Retro vs Geek,TWITCH,RECON
QueenMeep.,TWITCH,RECON
AegisZ,TWITCH,RECON
NAzgaf,TWITCH,RECON
SpeedyTheMonkeyy,TWITCH,RECON
Vulixe,TWITCH,RECON
Lud0-R6Yt,TWITCH,RECON
H3cK1nG.-,TWITCH,RECON
SniperGiody360,TWITCH,RECON
YuIdav,TWITCH,RECON
Sg_WeiserLeiter,TWITCH,RECON
FlipBubble,TWITCH,RECON
terryrocksx_,TWITCH,RECON
andrekuchiki,TWITCH,RECON
xItz_TaIMOx,TWITCH,RECON
TRICKST3R 1ERZ,TWITCH,RECON
WANTED_66BR,TWITCH,RECON
AimbotHiredMe,TWITCH,RECON
Noobasina,TWITCH,RECON
DeleteShift,TWITCH,RECON
Lewisited,TWITCH,RECON
Trusty_Elric,TWITCH,RECON
SgtSmallFace,TWITCH,RECON
Nomad Streicher,TWITCH,RECON
Dreuzx,TWITCH,RECON
MRcredo7,TWITCH,RECON
Belenos279,TWITCH,RECON
TeamRocketGuy,TWITCH,RECON
OutGunxed-,TWITCH,RECON
I_Make_U_Spizy,TWITCH,RECON
PxwrPvff,TWITCH,RECON
Scorpeex,TWITCH,RECON
HyperactiveGirl,TWITCH,RECON
Awn Drayy,TWITCH,RECON
X-KingKoala-X,TWITCH,RECON
nwzne,TWITCH,RECON
M-_-YoDa_,TWITCH,RECON
vPeIa,TWITCH,RECON
Queen Vixxn,TWITCH,RECON
xPayzl,TWITCH,RECON
atrwhiteboy ll,TWITCH,RECON
NickyAFK,TWITCH,RECON
A_Bathing_Alex,TWITCH,RECON
xItsLit,TWITCH,RECON
x.C.H.R.I.S.x,ASH,ASSAULT
Blood Artist,ASH,ASSAULT
lPhobos,ASH,ASSAULT
ROG_TiTaN,ASH,ASSAULT
Merkwr,ASH,ASSAULT
vGirlI,ASH,ASSAULT
x2urkiii,ASH,ASSAULT
ATKLongGong,ASH,ASSAULT
OpaHildegard.VO,ASH,ASSAULT
ComendaTrom,ASH,ASSAULT
xSWAT_OF_lRAQx,ASH,ASSAULT
Y7osf,ASH,ASSAULT
AImondy,ASH,ASSAULT
NIRVlA,ASH,ASSAULT
Kpt_Keif,ASH,ASSAULT
Hurri-86,ASH,ASSAULT
JOKER_begins,ASH,ASSAULT
I Raagnar,ASH,ASSAULT
SixStarMachine,ASH,ASSAULT
MapIe_Apache,ASH,ASSAULT
BzAsh.GIS,ASH,ASSAULT
Kawazexy,ASH,ASSAULT
ZOFIA-,ASH,ASSAULT
ElGiulio,ASH,ASSAULT
Duddi,ASH,ASSAULT
jokerstar,ASH,ASSAULT
lII-Nicassio-lII,ASH,ASSAULT
KEISER,ASH,ASSAULT
DUD3isNASTY,ASH,ASSAULT
ATH-Lunastra,ASH,ASSAULT
M3AYDIN,ASH,ASSAULT
lLennoxI,ASH,ASSAULT
nqkqx,ASH,ASSAULT
Il713lI-SkyL1ne,ASH,ASSAULT
Dzkota,ASH,ASSAULT
DannyKiIIa,ASH,ASSAULT
MraznyVilku,ASH,ASSAULT
HTX_Ru7h13zz,ASH,ASSAULT
myslina7,ASH,ASSAULT
l-Zul_Qarnayn-l,ASH,ASSAULT
zxart001,ASH,ASSAULT
Rusty,ASH,ASSAULT
Nctd,ASH,ASSAULT
Stxzie,ASH,ASSAULT
mehmet0883,ASH,ASSAULT
B-o-s-a-K,ASH,ASSAULT
GhostNoCasper,ASH,ASSAULT
The_Testube_Baby,ASH,ASSAULT
I Tunii I,ASH,ASSAULT
GhostSmokedArmy,ASH,ASSAULT
Xyliganka_,ASH,ASSAULT
lGodzy,ASH,ASSAULT
X_X_XT3NTACI00N,ASH,ASSAULT
inf9mous,ASH,ASSAULT
iiHoNesTy,ASH,ASSAULT
Arab sK1iIs,ASH,ASSAULT
Canical,ASH,ASSAULT
Lav9sh,ASH,ASSAULT
TheuzDELICIO,ASH,ASSAULT
zMotxBoy,ASH,ASSAULT
Ytica,ASH,ASSAULT
CoIIada,ASH,ASSAULT
BoarS.Sin-7Ds,ASH,ASSAULT
TwizzyCriptd,ASH,ASSAULT
Tomaszeu-PL,ASH,ASSAULT
makadipalace1978,ASH,ASSAULT
mai esistito,ASH,ASSAULT
WHOSEmxns,ASH,ASSAULT
RoHL1nG,ASH,ASSAULT
IIPFII,ASH,ASSAULT
Dan3041.NW,ASH,ASSAULT
Luruni,ASH,ASSAULT
WOW_IcantAIM_23,ASH,ASSAULT
KiNgVCsAm03,ASH,ASSAULT
EMILYRATAJKOWSKl,ASH,ASSAULT
Smack-zak,ASH,ASSAULT
Punk_Deer.,ASH,ASSAULT
GItxh,ASH,ASSAULT
GeneralTheOG,ASH,ASSAULT
Camilluh,ASH,ASSAULT
LuCaJaMu,ASH,ASSAULT
Evil-Genius4u,ASH,ASSAULT
ohslo,ASH,ASSAULT
SueaIo,ASH,ASSAULT
Ceya Later,ASH,ASSAULT
BlitzyBTW,ASH,ASSAULT
xXMikeyBoy15Xx,ASH,ASSAULT
Mxntiis,ASH,ASSAULT
SLHPZ-,ASH,ASSAULT
P4UL47EJ4N0,ASH,ASSAULT
Y0U...,ASH,ASSAULT
xDreeamy,ASH,ASSAULT
Misimoi,ASH,ASSAULT
Twyhard,ASH,ASSAULT
pianotaxfraud26,ASH,ASSAULT
Guuu Gn,ASH,ASSAULT
LeonGids.FBC,ASH,ASSAULT
Pina,ASH,ASSAULT
tora0509,ASH,ASSAULT
SirRuin420,ASH,ASSAULT
Hade.exe,ASH,ASSAULT
DONT_PEEK_ME02,ASH,ASSAULT
manuelno,ASH,ASSAULT
SNAK5116,ASH,ASSAULT
HongKongDoll-.,ASH,ASSAULT
g3offrey,ASH,ASSAULT
Fraqger,ASH,ASSAULT
Kernal.Panic,ASH,ASSAULT
W2Abood,ASH,ASSAULT
EnvyTaylor.FOX,ASH,ASSAULT
ReckfulTracerxx,ASH,ASSAULT
Ima Buck It,ASH,ASSAULT
AIienista,ASH,ASSAULT
JaveAsarais,ASH,ASSAULT
TwiXxoTwisT,ASH,ASSAULT
tgL.MetalBars,ASH,ASSAULT
ST4BLE,ASH,ASSAULT
Vardaii,ASH,ASSAULT
KrypTic Runner,ASH,ASSAULT
zGonzaaGoomez,ASH,ASSAULT
l_am_Krypton,ASH,ASSAULT
NAzgaf,ASH,ASSAULT
SpeedyTheMonkeyy,ASH,ASSAULT
Vulixe,ASH,ASSAULT
TL Syzygy,ASH,ASSAULT
zPykachu,ASH,ASSAULT
Linkrho98,ASH,ASSAULT
TxLvi,ASH,ASSAULT
StannicLB,ASH,ASSAULT
PAPI CHULO 157,ASH,ASSAULT
Praughdigy,ASH,ASSAULT
Fenosrov,ASH,ASSAULT
TheAnimeWeeb,ASH,ASSAULT
vLxssye,ASH,ASSAULT
ChanGaEr-.,ASH,ASSAULT
sasukelosgame,ASH,ASSAULT
iLetyoudown,ASH,ASSAULT
PortugeseBULL1,ASH,ASSAULT
OG-Kush-420G,ASH,ASSAULT
H3cK1nG.-,ASH,ASSAULT
SUICIDE-SQUAD-ID,ASH,ASSAULT
SniperGiody360,ASH,ASSAULT
Pandae-,ASH,ASSAULT
Gingyl,ASH,ASSAULT
IconicTurtle90,ASH,ASSAULT
FlipBubble,ASH,ASSAULT
iGhosTiz_,ASH,ASSAULT
YvnqVenxia,ASH,ASSAULT
JohnThysen,ASH,ASSAULT
SyynixNA,ASH,ASSAULT
Wozmetjou,ASH,ASSAULT
andrekuchiki,ASH,ASSAULT
xItz_TaIMOx,ASH,ASSAULT
ANCELLM,ASH,ASSAULT
RepIjcator,ASH,ASSAULT
Good.Luck.All,ASH,ASSAULT
JesusAboveAII,ASH,ASSAULT
M0kA-,ASH,ASSAULT
TRICKST3R 1ERZ,ASH,ASSAULT
Kxrrxpted,ASH,ASSAULT
Mantis-.,ASH,ASSAULT
Sayuzah,ASH,ASSAULT
AnsonL69_-,ASH,ASSAULT
WANTED_66BR,ASH,ASSAULT
Ill Cody llI,ASH,ASSAULT
lMoraal,ASH,ASSAULT
R6_Degenerate,ASH,ASSAULT
kaneti_,ASH,ASSAULT
LIPEERAA,ASH,ASSAULT
Gozpil,ASH,ASSAULT
Juice.Fresh,ASH,ASSAULT
zMxnezes,ASH,ASSAULT
ALhagawi-,ASH,ASSAULT
Bagman.ACEs,ASH,ASSAULT
Lewisited,ASH,ASSAULT
ElQaRAoUi,ASH,ASSAULT
Purlux,ASH,ASSAULT
YxsEclezya,ASH,ASSAULT
IILostrandomll,ASH,ASSAULT
TwRn444,ASH,ASSAULT
Qoaa KiX,ASH,ASSAULT
ETM99--,ASH,ASSAULT
ilLuuKzz,ASH,ASSAULT
Nomad Streicher,ASH,ASSAULT
Montagne_R6s_,ASH,ASSAULT
SpaceMonkey_PR,ASH,ASSAULT
Dreuzx,ASH,ASSAULT
fisher_boat,ASH,ASSAULT
Fake-_-SmiIe,ASH,ASSAULT
Kheyz3x,ASH,ASSAULT
tangtang219,ASH,ASSAULT
Aw22h5Z,ASH,ASSAULT
KervinJr,ASH,ASSAULT
Murky.REBORN,ASH,ASSAULT
Gamer.0.,ASH,ASSAULT
VillainInBlue,ASH,ASSAULT
LSTibo.-,ASH,ASSAULT
TeamRocketGuy,ASH,ASSAULT
uncert,ASH,ASSAULT
OutGunxed-,ASH,ASSAULT
khaIeo,ASH,ASSAULT
Lunaar v,ASH,ASSAULT
Traclks,ASH,ASSAULT
Sym Monster,ASH,ASSAULT
roomtempcoffee,ASH,ASSAULT
DDDDandySecret.,ASH,ASSAULT
PanInkoGnittO,ASH,ASSAULT
Crystal.Cc,ASH,ASSAULT
GlynFidditch,ASH,ASSAULT
serejka_2011,ASH,ASSAULT
Im-VoN,ASH,ASSAULT
Scorpeex,ASH,ASSAULT
Finland_Attacker,ASH,ASSAULT
wMryw,ASH,ASSAULT
Awn Drayy,ASH,ASSAULT
SinnerChill,ASH,ASSAULT
X-KingKoala-X,ASH,ASSAULT
nwzne,ASH,ASSAULT
CAMENBERTLION1,ASH,ASSAULT
Niklerator,ASH,ASSAULT
SugR_n8.-,ASH,ASSAULT
ItzMrDeee,ASH,ASSAULT
FOMA-MOMO,ASH,ASSAULT
iQuake_V8,ASH,ASSAULT
zMancuzZa,ASH,ASSAULT
M-_-YoDa_,ASH,ASSAULT
Bruh_Nate_,ASH,ASSAULT
xRonaldo7i,ASH,ASSAULT
nuxaa,ASH,ASSAULT
yRavxnz,ASH,ASSAULT
Slegendary.-,ASH,ASSAULT
OSKAMOSKA,ASH,ASSAULT
VaLemeister,ASH,ASSAULT
Pengu7-,ASH,ASSAULT
Vipers.,ASH,ASSAULT
CynicaI eX,ASH,ASSAULT
AdrianS R6,ASH,ASSAULT
xPayzl,ASH,ASSAULT
Jc no cry,ASH,ASSAULT
XcLuA,ASH,ASSAULT
NickyAFK,ASH,ASSAULT
hitman_JDA,ASH,ASSAULT
OtterSIaughter,ASH,ASSAULT
Va1ve0x0,ASH,ASSAULT
MoonRockMolIy,ASH,ASSAULT
edonsp-,ASH,ASSAULT
A_Bathing_Alex,ASH,ASSAULT
Milk_Shaiiko,ASH,ASSAULT
freedom-192,ASH,ASSAULT
Ensiya,ASH,ASSAULT
Xhosa.UA,ASH,ASSAULT
Voyager.,ASH,ASSAULT
xItsLit,ASH,ASSAULT
ZootvonKlaus,ROOK,SUPPORT
x ranl x,ROOK,SUPPORT
Ziddyboi-,ROOK,SUPPORT
GreenArmyMan69,ROOK,SUPPORT
JOKER_begins,ROOK,SUPPORT
Leland1989,ROOK,SUPPORT
Il713lI-SkyL1ne,ROOK,SUPPORT
Assassin.PT,ROOK,SUPPORT
Hidenori_Saitou,ROOK,SUPPORT
Zed.Smurf,ROOK,SUPPORT
Megajunn,ROOK,SUPPORT
Swaggy4Sure,ROOK,SUPPORT
R3Y MIST3RI0,ROOK,SUPPORT
EGGTick_-,ROOK,SUPPORT
ll-Squog-ll,ROOK,SUPPORT
Spanishcow,ROOK,SUPPORT
Silent_Buddha_,ROOK,SUPPORT
AquaMocha805249,ROOK,SUPPORT
F-Y-Y-F-F,ROOK,SUPPORT
FlipBubble,ROOK,SUPPORT
HIMLAR k11,ROOK,SUPPORT
Desmer.,ROOK,SUPPORT
WhyMurdaa,ROOK,SUPPORT
MajorForde,ROOK,SUPPORT
T3J.Stilnox,ROOK,SUPPORT
VillainInBlue,ROOK,SUPPORT
ElRefugio,ROOK,SUPPORT
boshwickbohagan,ROOK,SUPPORT
serejka_2011,ROOK,SUPPORT
Derechapi,ROOK,SUPPORT
B U T C H E R,BLITZ,ASSAULT
SpookyKoolaidz,BLITZ,ASSAULT
MasturNayter,BLITZ,ASSAULT
l-Zul_Qarnayn-l,BLITZ,ASSAULT
CoreLabRat,BLITZ,ASSAULT
ALiENSMOKEZ,BLITZ,ASSAULT
Lud0-R6Yt,BLITZ,ASSAULT
HIMLAR k11,BLITZ,ASSAULT
HAVI94,BLITZ,ASSAULT
R6_Degenerate,BLITZ,ASSAULT
SurSideMex,BLITZ,ASSAULT
pwnwallius,JÄGER,ENGINEER
LV17Luwis,JÄGER,ENGINEER
Blood Artist,JÄGER,ENGINEER
NoboIe,JÄGER,ENGINEER
Bembah,JÄGER,ENGINEER
lPhobos,JÄGER,ENGINEER
Thatasianguy12,JÄGER,ENGINEER
Merkwr,JÄGER,ENGINEER
vGirlI,JÄGER,ENGINEER
x2urkiii,JÄGER,ENGINEER
ATKLongGong,JÄGER,ENGINEER
ComendaTrom,JÄGER,ENGINEER
xSWAT_OF_lRAQx,JÄGER,ENGINEER
Y7osf,JÄGER,ENGINEER
AImondy,JÄGER,ENGINEER
BatoreTrom,JÄGER,ENGINEER
Super_____,JÄGER,ENGINEER
GreenArmyMan69,JÄGER,ENGINEER
I Raagnar,JÄGER,ENGINEER
Booelol,JÄGER,ENGINEER
SpookyKoolaidz,JÄGER,ENGINEER
SixStarMachine,JÄGER,ENGINEER
MapIe_Apache,JÄGER,ENGINEER
BzAsh.GIS,JÄGER,ENGINEER
Kawazexy,JÄGER,ENGINEER
ElGiulio,JÄGER,ENGINEER
Duddi,JÄGER,ENGINEER
lII-Nicassio-lII,JÄGER,ENGINEER
Strelnq,JÄGER,ENGINEER
lRIGaM0RTiz-vV,JÄGER,ENGINEER
Dfletcher,JÄGER,ENGINEER
Insolint,JÄGER,ENGINEER
RELOADED-K9,JÄGER,ENGINEER
nqkqx,JÄGER,ENGINEER
Dzkota,JÄGER,ENGINEER
DannyKiIIa,JÄGER,ENGINEER
MraznyVilku,JÄGER,ENGINEER
myslina7,JÄGER,ENGINEER
SPQQPY,JÄGER,ENGINEER
Rusty,JÄGER,ENGINEER
Nctd,JÄGER,ENGINEER
Dragussy,JÄGER,ENGINEER
Stxzie,JÄGER,ENGINEER
Assassin.PT,JÄGER,ENGINEER
mehmet0883,JÄGER,ENGINEER
B-o-s-a-K,JÄGER,ENGINEER
xBajii,JÄGER,ENGINEER
High Profiled,JÄGER,ENGINEER
GhostNoCasper,JÄGER,ENGINEER
I Tunii I,JÄGER,ENGINEER
GhostSmokedArmy,JÄGER,ENGINEER
lGodzy,JÄGER,ENGINEER
Revy minds,JÄGER,ENGINEER
X_X_XT3NTACI00N,JÄGER,ENGINEER
oMuLm,JÄGER,ENGINEER
inf9mous,JÄGER,ENGINEER
ChainsOfCorax,JÄGER,ENGINEER
iiHoNesTy,JÄGER,ENGINEER
Arab sK1iIs,JÄGER,ENGINEER
EbyteYT,JÄGER,ENGINEER
Canical,JÄGER,ENGINEER
FenriR_TheMiz,JÄGER,ENGINEER
Lav9sh,JÄGER,ENGINEER
zMotxBoy,JÄGER,ENGINEER
Morphxeus,JÄGER,ENGINEER
Ytica,JÄGER,ENGINEER
CoIIada,JÄGER,ENGINEER
TwizzyCriptd,JÄGER,ENGINEER
makadipalace1978,JÄGER,ENGINEER
mai esistito,JÄGER,ENGINEER
Redskins Eze,JÄGER,ENGINEER
WHOSEmxns,JÄGER,ENGINEER
RoHL1nG,JÄGER,ENGINEER
Obe2d,JÄGER,ENGINEER
IIPFII,JÄGER,ENGINEER
Dan3041.NW,JÄGER,ENGINEER
Luruni,JÄGER,ENGINEER
EMILYRATAJKOWSKl,JÄGER,ENGINEER
Smack-zak,JÄGER,ENGINEER
GItxh,JÄGER,ENGINEER
GeneralTheOG,JÄGER,ENGINEER
Camilluh,JÄGER,ENGINEER
LuCaJaMu,JÄGER,ENGINEER
Mjskaa,JÄGER,ENGINEER
Evil-Genius4u,JÄGER,ENGINEER
ohslo,JÄGER,ENGINEER
SueaIo,JÄGER,ENGINEER
Ceya Later,JÄGER,ENGINEER
BlitzyBTW,JÄGER,ENGINEER
Mxntiis,JÄGER,ENGINEER
SLHPZ-,JÄGER,ENGINEER
Y0U...,JÄGER,ENGINEER
xDreeamy,JÄGER,ENGINEER
MK-187,JÄGER,ENGINEER
Twyhard,JÄGER,ENGINEER
pianotaxfraud26,JÄGER,ENGINEER
Guuu Gn,JÄGER,ENGINEER
Swaggy4Sure,JÄGER,ENGINEER
LeonGids.FBC,JÄGER,ENGINEER
Pina,JÄGER,ENGINEER
Kjngkvng,JÄGER,ENGINEER
Hade.exe,JÄGER,ENGINEER
DONT_PEEK_ME02,JÄGER,ENGINEER
manuelno,JÄGER,ENGINEER
ID-QUAKER,JÄGER,ENGINEER
Fraqger,JÄGER,ENGINEER
W2Abood,JÄGER,ENGINEER
EnvyTaylor.FOX,JÄGER,ENGINEER
WhatRYouAimingAt,JÄGER,ENGINEER
nuke__d,JÄGER,ENGINEER
Ima Buck It,JÄGER,ENGINEER
AIienista,JÄGER,ENGINEER
TwiXxoTwisT,JÄGER,ENGINEER
ALiENSMOKEZ,JÄGER,ENGINEER
CQB BEAST322,JÄGER,ENGINEER
KrypTic Runner,JÄGER,ENGINEER
zGonzaaGoomez,JÄGER,ENGINEER
AegisZ,JÄGER,ENGINEER
Spxrou,JÄGER,ENGINEER
SpeedyTheMonkeyy,JÄGER,ENGINEER
l-Sam_Fisher-l,JÄGER,ENGINEER
Vulixe,JÄGER,ENGINEER
MAIK--DEVED,JÄGER,ENGINEER
TL Syzygy,JÄGER,ENGINEER
zPykachu,JÄGER,ENGINEER
Linkrho98,JÄGER,ENGINEER
TxLvi,JÄGER,ENGINEER
Kingmorhaf,JÄGER,ENGINEER
ALMAR_RJ,JÄGER,ENGINEER
Praughdigy,JÄGER,ENGINEER
zLukiTaaa__,JÄGER,ENGINEER
W_E_M_3_,JÄGER,ENGINEER
Fenosrov,JÄGER,ENGINEER
BBMccccc,JÄGER,ENGINEER
vLxssye,JÄGER,ENGINEER
HarIows,JÄGER,ENGINEER
ChanGaEr-.,JÄGER,ENGINEER
iLetyoudown,JÄGER,ENGINEER
Killa_BiIlz,JÄGER,ENGINEER
Kapkan,JÄGER,ENGINEER
OG-Kush-420G,JÄGER,ENGINEER
SUICIDE-SQUAD-ID,JÄGER,ENGINEER
SniperGiody360,JÄGER,ENGINEER
Pandae-,JÄGER,ENGINEER
YuIdav,JÄGER,ENGINEER
byALEX05,JÄGER,ENGINEER
IconicTurtle90,JÄGER,ENGINEER
OTFreyr,JÄGER,ENGINEER
YvnqVenxia,JÄGER,ENGINEER
SyynixNA,JÄGER,ENGINEER
andrekuchiki,JÄGER,ENGINEER
JesusAboveAII,JÄGER,ENGINEER
M0kA-,JÄGER,ENGINEER
Kxrrxpted,JÄGER,ENGINEER
Mantis-.,JÄGER,ENGINEER
tuzhno,JÄGER,ENGINEER
PeachMint,JÄGER,ENGINEER
Sayuzah,JÄGER,ENGINEER
AnsonL69_-,JÄGER,ENGINEER
WANTED_66BR,JÄGER,ENGINEER
ivanchan1107,JÄGER,ENGINEER
Ill Cody llI,JÄGER,ENGINEER
AimbotHiredMe,JÄGER,ENGINEER
SamG309,JÄGER,ENGINEER
BeciENTROPY,JÄGER,ENGINEER
lMoraal,JÄGER,ENGINEER
R6_Degenerate,JÄGER,ENGINEER
LIPEERAA,JÄGER,ENGINEER
Gozpil,JÄGER,ENGINEER
Corejuno,JÄGER,ENGINEER
zMxnezes,JÄGER,ENGINEER
Ziusudra-IQ,JÄGER,ENGINEER
GunningGuru,JÄGER,ENGINEER
Jqku,JÄGER,ENGINEER
Lewisited,JÄGER,ENGINEER
ElQaRAoUi,JÄGER,ENGINEER
frosttime,JÄGER,ENGINEER
Purlux,JÄGER,ENGINEER
YxsEclezya,JÄGER,ENGINEER
vArxqz,JÄGER,ENGINEER
IILostrandomll,JÄGER,ENGINEER
TwRn444,JÄGER,ENGINEER
ETM99--,JÄGER,ENGINEER
Shout_UP,JÄGER,ENGINEER
ilLuuKzz,JÄGER,ENGINEER
SgtSmallFace,JÄGER,ENGINEER
Nomad Streicher,JÄGER,ENGINEER
DuffProdz_,JÄGER,ENGINEER
SpaceMonkey_PR,JÄGER,ENGINEER
fisher_boat,JÄGER,ENGINEER
Motchon_,JÄGER,ENGINEER
Fake-_-SmiIe,JÄGER,ENGINEER
Kheyz3x,JÄGER,ENGINEER
tangtang219,JÄGER,ENGINEER
OpposedAtom5503,JÄGER,ENGINEER
III-DIMARIK-III,JÄGER,ENGINEER
KervinJr,JÄGER,ENGINEER
Murky.REBORN,JÄGER,ENGINEER
FENRRIR-_-,JÄGER,ENGINEER
LSTibo.-,JÄGER,ENGINEER
TeamRocketGuy,JÄGER,ENGINEER
uncert,JÄGER,ENGINEER
BeIIaAborrecida,JÄGER,ENGINEER
OutGunxed-,JÄGER,ENGINEER
khaIeo,JÄGER,ENGINEER
lGhostdog,JÄGER,ENGINEER
Lunaar v,JÄGER,ENGINEER
PxwrPvff,JÄGER,ENGINEER
Traclks,JÄGER,ENGINEER
Sym Monster,JÄGER,ENGINEER
serejka_2011,JÄGER,ENGINEER
Im-VoN,JÄGER,ENGINEER
Scorpeex,JÄGER,ENGINEER
Finland_Attacker,JÄGER,ENGINEER
HyperactiveGirl,JÄGER,ENGINEER
wMryw,JÄGER,ENGINEER
Awn Drayy,JÄGER,ENGINEER
X-KingKoala-X,JÄGER,ENGINEER
nwzne,JÄGER,ENGINEER
CAMENBERTLION1,JÄGER,ENGINEER
Niklerator,JÄGER,ENGINEER
SugR_n8.-,JÄGER,ENGINEER
ItzMrDeee,JÄGER,ENGINEER
zMancuzZa,JÄGER,ENGINEER
M-_-YoDa_,JÄGER,ENGINEER
Bruh_Nate_,JÄGER,ENGINEER
xRonaldo7i,JÄGER,ENGINEER
nuxaa,JÄGER,ENGINEER
yRavxnz,JÄGER,ENGINEER
vPeIa,JÄGER,ENGINEER
Slegendary.-,JÄGER,ENGINEER
OSKAMOSKA,JÄGER,ENGINEER
VaLemeister,JÄGER,ENGINEER
Pengu7-,JÄGER,ENGINEER
Vipers.,JÄGER,ENGINEER
Maximum.Hits,JÄGER,ENGINEER
CynicaI eX,JÄGER,ENGINEER
Mlctlan,JÄGER,ENGINEER
xPayzl,JÄGER,ENGINEER
ll_Best_Grey_ll,JÄGER,ENGINEER
Jc no cry,JÄGER,ENGINEER
XcLuA,JÄGER,ENGINEER
NickyAFK,JÄGER,ENGINEER
hitman_JDA,JÄGER,ENGINEER
OtterSIaughter,JÄGER,ENGINEER
Va1ve0x0,JÄGER,ENGINEER
MoonRockMolIy,JÄGER,ENGINEER
bloo_831,JÄGER,ENGINEER
edonsp-,JÄGER,ENGINEER
A_Bathing_Alex,JÄGER,ENGINEER
SERTactical,JÄGER,ENGINEER
Ensiya,JÄGER,ENGINEER
Xhosa.UA,JÄGER,ENGINEER
Voyager.,JÄGER,ENGINEER
zFanfarrao,THERMITE,ASSAULT
ZootvonKlaus,THERMITE,ASSAULT
B U T C H E R,THERMITE,ASSAULT
FANG799,THERMITE,ASSAULT
Bembah,THERMITE,ASSAULT
Thatasianguy12,THERMITE,ASSAULT
Ziddyboi-,THERMITE,ASSAULT
Hurri-86,THERMITE,ASSAULT
GreenArmyMan69,THERMITE,ASSAULT
frostyorb,THERMITE,ASSAULT
MasturNayter,THERMITE,ASSAULT
TBatist,THERMITE,ASSAULT
Leland1989,THERMITE,ASSAULT
Dfletcher,THERMITE,ASSAULT
C.M.E.T.A.H.K.A,THERMITE,ASSAULT
Putins1Horn,THERMITE,ASSAULT
Dzkota,THERMITE,ASSAULT
Stxzie,THERMITE,ASSAULT
Assassin.PT,THERMITE,ASSAULT
LyzoIda,THERMITE,ASSAULT
I Tunii I,THERMITE,ASSAULT
LEVIJR2014,THERMITE,ASSAULT
starscrying,THERMITE,ASSAULT
cheesepie37,THERMITE,ASSAULT
Morphxeus,THERMITE,ASSAULT
Tomaszeu-PL,THERMITE,ASSAULT
TOMITOMAnic,THERMITE,ASSAULT
Dan3041.NW,THERMITE,ASSAULT
DustyKnackers,THERMITE,ASSAULT
SchleK1nG,THERMITE,ASSAULT
KiNgVCsAm03,THERMITE,ASSAULT
Killinda,THERMITE,ASSAULT
F-I-N-D-A-K-L-Y,THERMITE,ASSAULT
Megajunn,THERMITE,ASSAULT
Buqik,THERMITE,ASSAULT
itxMor3,THERMITE,ASSAULT
Screamo Jon,THERMITE,ASSAULT
LIFE IS 1964,THERMITE,ASSAULT
ID-QUAKER,THERMITE,ASSAULT
Kernal.Panic,THERMITE,ASSAULT
QueenLylo,THERMITE,ASSAULT
WhatRYouAimingAt,THERMITE,ASSAULT
xSako7,THERMITE,ASSAULT
Ima Buck It,THERMITE,ASSAULT
EGGTick_-,THERMITE,ASSAULT
JaveAsarais,THERMITE,ASSAULT
Vardaii,THERMITE,ASSAULT
CQB BEAST322,THERMITE,ASSAULT
ccdoc7556,THERMITE,ASSAULT
l_am_Krypton,THERMITE,ASSAULT
wongtung2046,THERMITE,ASSAULT
Silent_Buddha_,THERMITE,ASSAULT
handy0502,THERMITE,ASSAULT
ALMAR_RJ,THERMITE,ASSAULT
jams_93,THERMITE,ASSAULT
Kapkan,THERMITE,ASSAULT
Jujuman12,THERMITE,ASSAULT
M1nd0F,THERMITE,ASSAULT
Arikaras72,THERMITE,ASSAULT
terryrocksx_,THERMITE,ASSAULT
Jacked_Estrada,THERMITE,ASSAULT
Terrify,THERMITE,ASSAULT
HAVI94,THERMITE,ASSAULT
PIMMELPOLIZEI,THERMITE,ASSAULT
McLunchbox_,THERMITE,ASSAULT
tuzhno,THERMITE,ASSAULT
Ill Cody llI,THERMITE,ASSAULT
Mapama_,THERMITE,ASSAULT
Ziusudra-IQ,THERMITE,ASSAULT
silverhunt27,THERMITE,ASSAULT
DamnnnnDaddy,THERMITE,ASSAULT
GR8GAZOO74,THERMITE,ASSAULT
vArxqz,THERMITE,ASSAULT
MightyChicken007,THERMITE,ASSAULT
CosmicFlower1991,THERMITE,ASSAULT
tgL.Swake,THERMITE,ASSAULT
Shout_UP,THERMITE,ASSAULT
SgtSmallFace,THERMITE,ASSAULT
Motchon_,THERMITE,ASSAULT
Kheyz3x,THERMITE,ASSAULT
III-DIMARIK-III,THERMITE,ASSAULT
Vespertus.,THERMITE,ASSAULT
Love Killin,THERMITE,ASSAULT
FENRRIR-_-,THERMITE,ASSAULT
Gamer.0.,THERMITE,ASSAULT
Dizel_Max,THERMITE,ASSAULT
thamizinhaa,THERMITE,ASSAULT
boshwickbohagan,THERMITE,ASSAULT
Im-VoN,THERMITE,ASSAULT
IN O IR ID,THERMITE,ASSAULT
SinnerChill,THERMITE,ASSAULT
ItzMrDeee,THERMITE,ASSAULT
bSwiifty,THERMITE,ASSAULT
ICONA POP 420,THERMITE,ASSAULT
A1anware,THERMITE,ASSAULT
KPEMEHb.,THERMITE,ASSAULT
pasucu68,THERMITE,ASSAULT
Hancoock_XVI,THERMITE,ASSAULT
QK_RAMBITO,THERMITE,ASSAULT
vP1NK,THERMITE,ASSAULT
SERTactical,THERMITE,ASSAULT
LV17Luwis,SLEDGE,ASSAULT
tk060705,SLEDGE,ASSAULT
BatoreTrom,SLEDGE,ASSAULT
Super_____,SLEDGE,ASSAULT
Booelol,SLEDGE,ASSAULT
BzAsh.GIS,SLEDGE,ASSAULT
RAGEnaldo.144Hz,SLEDGE,ASSAULT
Crazyteacher963,SLEDGE,ASSAULT
Strelnq,SLEDGE,ASSAULT
JNiicks,SLEDGE,ASSAULT
SPQQPY,SLEDGE,ASSAULT
LittIeFoote,SLEDGE,ASSAULT
xBajii,SLEDGE,ASSAULT
GS BROLY,SLEDGE,ASSAULT
Xyliganka_,SLEDGE,ASSAULT
OGofSiege,SLEDGE,ASSAULT
ChainsOfCorax,SLEDGE,ASSAULT
FenriR_TheMiz,SLEDGE,ASSAULT
BoarS.Sin-7Ds,SLEDGE,ASSAULT
Redskins Eze,SLEDGE,ASSAULT
iDevilize,SLEDGE,ASSAULT
xXMikeyBoy15Xx,SLEDGE,ASSAULT
JAYLRZ,SLEDGE,ASSAULT
Kjngkvng,SLEDGE,ASSAULT
QueenLylo,SLEDGE,ASSAULT
ReckfulTracerxx,SLEDGE,ASSAULT
Superbatman6348,SLEDGE,ASSAULT
anewhorizon,SLEDGE,ASSAULT
TAC0V1K1NG,SLEDGE,ASSAULT
Justinmillares,SLEDGE,ASSAULT
jams_93,SLEDGE,ASSAULT
PortugeseBULL1,SLEDGE,ASSAULT
bahram.ffx,SLEDGE,ASSAULT
MTNEERMAFIA,SLEDGE,ASSAULT
OTFreyr,SLEDGE,ASSAULT
sharpshooter_00I,SLEDGE,ASSAULT
InternaIPrimates,SLEDGE,ASSAULT
Gudrus-Apuokas,SLEDGE,ASSAULT
Mickellini,SLEDGE,ASSAULT
Good.Luck.All,SLEDGE,ASSAULT
tuzhno,SLEDGE,ASSAULT
FUZZYwoo452,SLEDGE,ASSAULT
ALhagawi-,SLEDGE,ASSAULT
FortyS.,SLEDGE,ASSAULT
DuffProdz_,SLEDGE,ASSAULT
Motchon_,SLEDGE,ASSAULT
LowlySoul,SLEDGE,ASSAULT
Vespertus.,SLEDGE,ASSAULT
Dizel_Max,SLEDGE,ASSAULT
kakkymedtech,SLEDGE,ASSAULT
BeIIaAborrecida,SLEDGE,ASSAULT
lGhostdog,SLEDGE,ASSAULT
Apple.26,SLEDGE,ASSAULT
X Goblin7,SLEDGE,ASSAULT
boshwickbohagan,SLEDGE,ASSAULT
DDDDandySecret.,SLEDGE,ASSAULT
PanInkoGnittO,SLEDGE,ASSAULT
Crystal.Cc,SLEDGE,ASSAULT
Derechapi,SLEDGE,ASSAULT
ReesesAreGoodOMG,SLEDGE,ASSAULT
FOMA-MOMO,SLEDGE,ASSAULT
iQuake_V8,SLEDGE,ASSAULT
evinho007,SLEDGE,ASSAULT
YuJiN_-AN,SLEDGE,ASSAULT
XcLuA,SLEDGE,ASSAULT
Milk_Shaiiko,SLEDGE,ASSAULT
Philias.,SLEDGE,ASSAULT
zFanfarrao,BANDIT,ASSAULT
pwnwallius,BANDIT,ASSAULT
LV17Luwis,BANDIT,ASSAULT
Bembah,BANDIT,ASSAULT
Merkwr,BANDIT,ASSAULT
vGirlI,BANDIT,ASSAULT
x2urkiii,BANDIT,ASSAULT
OpaHildegard.VO,BANDIT,ASSAULT
ComendaTrom,BANDIT,ASSAULT
AImondy,BANDIT,ASSAULT
Ziddyboi-,BANDIT,ASSAULT
Kpt_Keif,BANDIT,ASSAULT
BatoreTrom,BANDIT,ASSAULT
MapIe_Apache,BANDIT,ASSAULT
Kawazexy,BANDIT,ASSAULT
ZOFIA-,BANDIT,ASSAULT
Leland1989,BANDIT,ASSAULT
lRIGaM0RTiz-vV,BANDIT,ASSAULT
DUD3isNASTY,BANDIT,ASSAULT
JNiicks,BANDIT,ASSAULT
M9.-,BANDIT,ASSAULT
RELOADED-K9,BANDIT,ASSAULT
nqkqx,BANDIT,ASSAULT
qZentorix,BANDIT,ASSAULT
DannyKiIIa,BANDIT,ASSAULT
MraznyVilku,BANDIT,ASSAULT
Filthy6,BANDIT,ASSAULT
SPQQPY,BANDIT,ASSAULT
mehmet0883,BANDIT,ASSAULT
LittIeFoote,BANDIT,ASSAULT
High Profiled,BANDIT,ASSAULT
Mr.MaFFin_,BANDIT,ASSAULT
lGodzy,BANDIT,ASSAULT
OGofSiege,BANDIT,ASSAULT
oMuLm,BANDIT,ASSAULT
OneOldXia.,BANDIT,ASSAULT
iiHoNesTy,BANDIT,ASSAULT
Arab sK1iIs,BANDIT,ASSAULT
EbyteYT,BANDIT,ASSAULT
FenriR_TheMiz,BANDIT,ASSAULT
Lav9sh,BANDIT,ASSAULT
cheesepie37,BANDIT,ASSAULT
TwizzyCriptd,BANDIT,ASSAULT
makadipalace1978,BANDIT,ASSAULT
mai esistito,BANDIT,ASSAULT
jefesz,BANDIT,ASSAULT
TOMITOMAnic,BANDIT,ASSAULT
Luruni,BANDIT,ASSAULT
WOW_IcantAIM_23,BANDIT,ASSAULT
Punk_Deer.,BANDIT,ASSAULT
Uncle-Zet,BANDIT,ASSAULT
LuCaJaMu,BANDIT,ASSAULT
Evil-Genius4u,BANDIT,ASSAULT
ohslo,BANDIT,ASSAULT
Ceya Later,BANDIT,ASSAULT
Mxntiis,BANDIT,ASSAULT
SLHPZ-,BANDIT,ASSAULT
JAYLRZ,BANDIT,ASSAULT
P4UL47EJ4N0,BANDIT,ASSAULT
xDreeamy,BANDIT,ASSAULT
Buqik,BANDIT,ASSAULT
Guuu Gn,BANDIT,ASSAULT
Hade.exe,BANDIT,ASSAULT
QueenLylo,BANDIT,ASSAULT
nuke__d,BANDIT,ASSAULT
AngWolf_SYG,BANDIT,ASSAULT
Vardaii,BANDIT,ASSAULT
KrypTic Runner,BANDIT,ASSAULT
Retro vs Geek,BANDIT,ASSAULT
zGonzaaGoomez,BANDIT,ASSAULT
KOTOHIME-,BANDIT,ASSAULT
l_am_Krypton,BANDIT,ASSAULT
Silent_Buddha_,BANDIT,ASSAULT
l-Sam_Fisher-l,BANDIT,ASSAULT
TL Syzygy,BANDIT,ASSAULT
zPykachu,BANDIT,ASSAULT
PAPI CHULO 157,BANDIT,ASSAULT
zLukiTaaa__,BANDIT,ASSAULT
TheAnimeWeeb,BANDIT,ASSAULT
BBMccccc,BANDIT,ASSAULT
iLetyoudown,BANDIT,ASSAULT
OG-Kush-420G,BANDIT,ASSAULT
M1nd0F,BANDIT,ASSAULT
SUICIDE-SQUAD-ID,BANDIT,ASSAULT
Arikaras72,BANDIT,ASSAULT
Nakaj1ma_youko,BANDIT,ASSAULT
Sg_WeiserLeiter,BANDIT,ASSAULT
SyynixNA,BANDIT,ASSAULT
xItz_TaIMOx,BANDIT,ASSAULT
Mantis-.,BANDIT,ASSAULT
PeachMint,BANDIT,ASSAULT
Sayuzah,BANDIT,ASSAULT
ivanchan1107,BANDIT,ASSAULT
AimbotHiredMe,BANDIT,ASSAULT
BeciENTROPY,BANDIT,ASSAULT
lMoraal,BANDIT,ASSAULT
kaneti_,BANDIT,ASSAULT
Gozpil,BANDIT,ASSAULT
Juice.Fresh,BANDIT,ASSAULT
zMxnezes,BANDIT,ASSAULT
Jqku,BANDIT,ASSAULT
frosttime,BANDIT,ASSAULT
vArxqz,BANDIT,ASSAULT
tgL.Swake,BANDIT,ASSAULT
FortyS.,BANDIT,ASSAULT
DuffProdz_,BANDIT,ASSAULT
fisher_boat,BANDIT,ASSAULT
tangtang219,BANDIT,ASSAULT
Aw22h5Z,BANDIT,ASSAULT
OpposedAtom5503,BANDIT,ASSAULT
III-DIMARIK-III,BANDIT,ASSAULT
Vespertus.,BANDIT,ASSAULT
Murky.REBORN,BANDIT,ASSAULT
Dizel_Max,BANDIT,ASSAULT
LSTibo.-,BANDIT,ASSAULT
Lunaar v,BANDIT,ASSAULT
Traclks,BANDIT,ASSAULT
DDDDandySecret.,BANDIT,ASSAULT
Finland_Attacker,BANDIT,ASSAULT
IN O IR ID,BANDIT,ASSAULT
SinnerChill,BANDIT,ASSAULT
Niklerator,BANDIT,ASSAULT
SugR_n8.-,BANDIT,ASSAULT
iQuake_V8,BANDIT,ASSAULT
zMancuzZa,BANDIT,ASSAULT
xRonaldo7i,BANDIT,ASSAULT
nuxaa,BANDIT,ASSAULT
Qoo.-,BANDIT,ASSAULT
evinho007,BANDIT,ASSAULT
Hancoock_XVI,BANDIT,ASSAULT
berbthechick,BANDIT,ASSAULT
CynicaI eX,BANDIT,ASSAULT
AdrianS R6,BANDIT,ASSAULT
hitman_JDA,BANDIT,ASSAULT
MoonRockMolIy,BANDIT,ASSAULT
bloo_831,BANDIT,ASSAULT
edonsp-,BANDIT,ASSAULT
SERTactical,BANDIT,ASSAULT
Ensiya,BANDIT,ASSAULT
Philias.,BANDIT,ASSAULT
ROG_TiTaN,CAVEIRA,RECON
I Raagnar,CAVEIRA,RECON
rider-250r,CAVEIRA,RECON
SHANTRAH,CAVEIRA,RECON
DWEx ROBHOOD,CAVEIRA,RECON
qZentorix,CAVEIRA,RECON
JERRY-TO-97,CAVEIRA,RECON
HTX_Ru7h13zz,CAVEIRA,RECON
LEVIJR2014,CAVEIRA,RECON
BoarS.Sin-7Ds,CAVEIRA,RECON
JOS3PF,CAVEIRA,RECON
CoreLabRat,CAVEIRA,RECON
SNAK5116,CAVEIRA,RECON
Juggernaut WZRD,CAVEIRA,RECON
ST4BLE,CAVEIRA,RECON
Superbatman6348,CAVEIRA,RECON
sasukelosgame,CAVEIRA,RECON
PortugeseBULL1,CAVEIRA,RECON
H3cK1nG.-,CAVEIRA,RECON
MajorForde,CAVEIRA,RECON
StandALOne98,CAVEIRA,RECON
Corejuno,CAVEIRA,RECON
Montagne_R6s_,CAVEIRA,RECON
SpaceMonkey_PR,CAVEIRA,RECON
turko119,CAVEIRA,RECON
Love Killin,CAVEIRA,RECON
AMOK_CRO,CAVEIRA,RECON
WillyKat-,CAVEIRA,RECON
I_Make_U_Spizy,CAVEIRA,RECON
ElRefugio,CAVEIRA,RECON
Legalllyblind,CAVEIRA,RECON
TestierGraph,CAVEIRA,RECON
KPEMEHb.,CAVEIRA,RECON
atrwhiteboy ll,CAVEIRA,RECON
QK_RAMBITO,CAVEIRA,RECON
x.C.H.R.I.S.x,LESION,ASSAULT
TREP-.,LESION,ASSAULT
x7sam1,LESION,ASSAULT
Crazyteacher963,LESION,ASSAULT
C.M.E.T.A.H.K.A,LESION,ASSAULT
MOR_MOHAMMAD,LESION,ASSAULT
Mr.MaFFin_,LESION,ASSAULT
GS BROLY,LESION,ASSAULT
xScxry7,LESION,ASSAULT
KillerUnit82,LESION,ASSAULT
To1n0juuu,LESION,ASSAULT
SchleK1nG,LESION,ASSAULT
II VxGETA II,LESION,ASSAULT
GItxh,LESION,ASSAULT
Uncle-Zet,LESION,ASSAULT
F-I-N-D-A-K-L-Y,LESION,ASSAULT
tora0509,LESION,ASSAULT
HongKongDoll-.,LESION,ASSAULT
xSako7,LESION,ASSAULT
ZEEROO94,LESION,ASSAULT
MR BUNGLE 1991,LESION,ASSAULT
Spxrou,LESION,ASSAULT
l-Sam_Fisher-l,LESION,ASSAULT
zLukiTaaa__,LESION,ASSAULT
TiM-_-CliO,LESION,ASSAULT
MTNEERMAFIA,LESION,ASSAULT
Desmer.,LESION,ASSAULT
Wozmetjou,LESION,ASSAULT
Good.Luck.All,LESION,ASSAULT
StandALOne98,LESION,ASSAULT
Noobasina,LESION,ASSAULT
PGC_CrazyTornado,LESION,ASSAULT
bougi420,LESION,ASSAULT
MightyChicken007,LESION,ASSAULT
IILostrandomll,LESION,ASSAULT
TwRn444,LESION,ASSAULT
Qoaa KiX,LESION,ASSAULT
AMOK_CRO,LESION,ASSAULT
BeIIaAborrecida,LESION,ASSAULT
lGhostdog,LESION,ASSAULT
A1anware,LESION,ASSAULT
vPeIa,LESION,ASSAULT
Qoo.-,LESION,ASSAULT
VaLemeister,LESION,ASSAULT
Queen Vixxn,LESION,ASSAULT
TheMechanic911,LESION,ASSAULT
atrwhiteboy ll,LESION,ASSAULT
GOWPIE,LESION,ASSAULT
freedom-192,LESION,ASSAULT
ES-CON-FIELD,LESION,ASSAULT
tk060705,SMOKE,ASSAULT
MacieJay,SMOKE,ASSAULT
ii30RY,SMOKE,ASSAULT
M3AYDIN,SMOKE,ASSAULT
cheesepie37,SMOKE,ASSAULT
Mjskaa,SMOKE,ASSAULT
BlitzyBTW,SMOKE,ASSAULT
LeonGids.FBC,SMOKE,ASSAULT
Rogu3..,SMOKE,ASSAULT
EnvyTaylor.FOX,SMOKE,ASSAULT
AngWolf_SYG,SMOKE,ASSAULT
EGGTick_-,SMOKE,ASSAULT
tgL.MetalBars,SMOKE,ASSAULT
ll-Squog-ll,SMOKE,ASSAULT
M1nd0F,SMOKE,ASSAULT
kaneti_,SMOKE,ASSAULT
Juice.Fresh,SMOKE,ASSAULT
Purlux,SMOKE,ASSAULT
Trusty_Elric,SMOKE,ASSAULT
ETM99--,SMOKE,ASSAULT
ElRefugio,SMOKE,ASSAULT
roomtempcoffee,SMOKE,ASSAULT
GlynFidditch,SMOKE,ASSAULT
OSKAMOSKA,SMOKE,ASSAULT
evinho007,SMOKE,ASSAULT
Milk_Shaiiko,SMOKE,ASSAULT
Thatasianguy12,BUCK,ASSAULT
tk060705,BUCK,ASSAULT
MacieJay,BUCK,ASSAULT
OpaHildegard.VO,BUCK,ASSAULT
Super_____,BUCK,ASSAULT
ATH-Lunastra,BUCK,ASSAULT
JERRY-TO-97,BUCK,ASSAULT
Rusty,BUCK,ASSAULT
SueaIo,BUCK,ASSAULT
Rogu3..,BUCK,ASSAULT
ll-Squog-ll,BUCK,ASSAULT
QueenMeep.,BUCK,ASSAULT
anewhorizon,BUCK,ASSAULT
Linkrho98,BUCK,ASSAULT
BBMccccc,BUCK,ASSAULT
Sg_WeiserLeiter,BUCK,ASSAULT
Corejuno,BUCK,ASSAULT
frosttime,BUCK,ASSAULT
LowlySoul,BUCK,ASSAULT
MajesticLW,BUCK,ASSAULT
OtterSIaughter,BUCK,ASSAULT
lPhobos,VALKYRIE,RECON
x7sam1,VALKYRIE,RECON
JOKER_begins,VALKYRIE,RECON
TBatist,VALKYRIE,RECON
Dfletcher,VALKYRIE,RECON
SHANTRAH,VALKYRIE,RECON
MOR_MOHAMMAD,VALKYRIE,RECON
kill_th-Devil,VALKYRIE,RECON
Filthy6,VALKYRIE,RECON
zxart001,VALKYRIE,RECON
B-o-s-a-K,VALKYRIE,RECON
Revy minds,VALKYRIE,RECON
TheuzDELICIO,VALKYRIE,RECON
Kaf-Sin-Kaf,VALKYRIE,RECON
To1n0juuu,VALKYRIE,RECON
DustyKnackers,VALKYRIE,RECON
II VxGETA II,VALKYRIE,RECON
GeneralTheOG,VALKYRIE,RECON
Juggernaut WZRD,VALKYRIE,RECON
anewhorizon,VALKYRIE,RECON
StannicLB,VALKYRIE,RECON
ALMAR_RJ,VALKYRIE,RECON
vLxssye,VALKYRIE,RECON
sasukelosgame,VALKYRIE,RECON
John_W1cK_,VALKYRIE,RECON
Jujuman12,VALKYRIE,RECON
bahram.ffx,VALKYRIE,RECON
Gingyl,VALKYRIE,RECON
iGhosTiz_,VALKYRIE,RECON
Terrify,VALKYRIE,RECON
Mickellini,VALKYRIE,RECON
LIPEERAA,VALKYRIE,RECON
Kamelot.,VALKYRIE,RECON
ALhagawi-,VALKYRIE,RECON
Bagman.ACEs,VALKYRIE,RECON
tgL.Swake,VALKYRIE,RECON
ilLuuKzz,VALKYRIE,RECON
Dreuzx,VALKYRIE,RECON
Il-ONAGA-Il,VALKYRIE,RECON
Apple.26,VALKYRIE,RECON
xSp1derp1gxx,VALKYRIE,RECON
Pengu7-,VALKYRIE,RECON
YuJiN_-AN,VALKYRIE,RECON
Jc no cry,VALKYRIE,RECON
GOWPIE,VALKYRIE,RECON
vP1NK,VALKYRIE,RECON
QKapwn,VALKYRIE,RECON
Y7osf,VIGIL,ENGINEER
lII-Nicassio-lII,VIGIL,ENGINEER
Putins1Horn,VIGIL,ENGINEER
Nctd,VIGIL,ENGINEER
Dragussy,VIGIL,ENGINEER
Obe2d,VIGIL,ENGINEER
SirRuin420,VIGIL,ENGINEER
SNAK5116,VIGIL,ENGINEER
ReckfulTracerxx,VIGIL,ENGINEER
IconicTurtle90,VIGIL,ENGINEER
RepIjcator,VIGIL,ENGINEER
JesusAboveAII,VIGIL,ENGINEER
TRICKST3R 1ERZ,VIGIL,ENGINEER
AnsonL69_-,VIGIL,ENGINEER
FUZZYwoo452,VIGIL,ENGINEER
Aw22h5Z,VIGIL,ENGINEER
LowlySoul,VIGIL,ENGINEER
PxwrPvff,VIGIL,ENGINEER
wMryw,VIGIL,ENGINEER
CAMENBERTLION1,VIGIL,ENGINEER
ll_Best_Grey_ll,VIGIL,ENGINEER
Kpt_Keif,GSG 9,SUPPORT
rider-250r,GSG 9,SUPPORT
gup_mako_,GSG 9,SUPPORT
tqguuuu-nikukai,GSG 9,SUPPORT
ANCELLM,GSG 9,SUPPORT
nicopyon25,GSG 9,SUPPORT
ReesesAreGoodOMG,GSG 9,SUPPORT
USAVICH_GAMETIME,GSG 9,SUPPORT
NIRVlA,ELA,ASSAULT
ZOFIA-,ELA,ASSAULT
SOG GUMBALL,ELA,ASSAULT
Strelnq,ELA,ASSAULT
RELOADED-K9,ELA,ASSAULT
zxart001,ELA,ASSAULT
The_Testube_Baby,ELA,ASSAULT
RoHL1nG,ELA,ASSAULT
Smack-zak,ELA,ASSAULT
SirRuin420,ELA,ASSAULT
Juggernaut WZRD,ELA,ASSAULT
g3offrey,ELA,ASSAULT
Superbatman6348,ELA,ASSAULT
Kingmorhaf,ELA,ASSAULT
PAPI CHULO 157,ELA,ASSAULT
OTFreyr,ELA,ASSAULT
Kamelot.,ELA,ASSAULT
FUZZYwoo452,ELA,ASSAULT
PGC_CrazyTornado,ELA,ASSAULT
Trusty_Elric,ELA,ASSAULT
Alderon_,ELA,ASSAULT
frostyorb,MUTE,ENGINEER
KEISER,MUTE,ENGINEER
lLennoxI,MUTE,ENGINEER
LyzoIda,MUTE,ENGINEER
Mr.MaFFin_,MUTE,ENGINEER
starscrying,MUTE,ENGINEER
Tomaszeu-PL,MUTE,ENGINEER
Killinda,MUTE,ENGINEER
Megajunn,MUTE,ENGINEER
R3Y MIST3RI0,MUTE,ENGINEER
POKRAK_77,MUTE,ENGINEER
LIFE IS 1964,MUTE,ENGINEER
wongtung2046,MUTE,ENGINEER
handy0502,MUTE,ENGINEER
ShadowReach8837,MUTE,ENGINEER
Gudrus-Apuokas,MUTE,ENGINEER
McLunchbox_,MUTE,ENGINEER
Mapama_,MUTE,ENGINEER
GunningGuru,MUTE,ENGINEER
DamnnnnDaddy,MUTE,ENGINEER
T3J.Stilnox,MUTE,ENGINEER
Sporadic Sully,MUTE,ENGINEER
Belenos279,MUTE,ENGINEER
kakkymedtech,MUTE,ENGINEER
xSp1derp1gxx,MUTE,ENGINEER
MajesticLW,MUTE,ENGINEER
Dimitar60,MUTE,ENGINEER
Va1ve0x0,MUTE,ENGINEER
QKapwn,MUTE,ENGINEER
B U T C H E R,FROST,ASSAULT
FANG799,FROST,ASSAULT
RAGEnaldo.144Hz,FROST,ASSAULT
jokerstar,FROST,ASSAULT
Crazyteacher963,FROST,ASSAULT
ATH-Lunastra,FROST,ASSAULT
DWEx ROBHOOD,FROST,ASSAULT
sealsniper001,FROST,ASSAULT
SIR GQSMOOVE,FROST,ASSAULT
KiNgVCsAm03,FROST,ASSAULT
itxMor3,FROST,ASSAULT
POKRAK_77,FROST,ASSAULT
Kernal.Panic,FROST,ASSAULT
ZEEROO94,FROST,ASSAULT
MR BUNGLE 1991,FROST,ASSAULT
MAIK--DEVED,FROST,ASSAULT
Justinmillares,FROST,ASSAULT
HarIows,FROST,ASSAULT
TiM-_-CliO,FROST,ASSAULT
Nakaj1ma_youko,FROST,ASSAULT
ShadowReach8837,FROST,ASSAULT
terryrocksx_,FROST,ASSAULT
Gudrus-Apuokas,FROST,ASSAULT
faff_6500,FROST,ASSAULT
Flip Albatroz7,FROST,ASSAULT
PIMMELPOLIZEI,FROST,ASSAULT
McLunchbox_,FROST,ASSAULT
heIpsy,FROST,ASSAULT
WhyMurdaa,FROST,ASSAULT
SamG309,FROST,ASSAULT
Ziusudra-IQ,FROST,ASSAULT
tyswagger100,FROST,ASSAULT
DamnnnnDaddy,FROST,ASSAULT
GR8GAZOO74,FROST,ASSAULT
Shout_UP,FROST,ASSAULT
Sporadic Sully,FROST,ASSAULT
MRcredo7,FROST,ASSAULT
Il-ONAGA-Il,FROST,ASSAULT
Gamer.0.,FROST,ASSAULT
Belenos279,FROST,ASSAULT
AMOK_CRO,FROST,ASSAULT
thamizinhaa,FROST,ASSAULT
X Goblin7,FROST,ASSAULT
CR7BaiYe,FROST,ASSAULT
Legalllyblind,FROST,ASSAULT
HyperactiveGirl,FROST,ASSAULT
pasucu68,FROST,ASSAULT
pNd.,FROST,ASSAULT
Queen Vixxn,FROST,ASSAULT
TheMechanic911,FROST,ASSAULT
YungLb34,FROST,ASSAULT
MTO-Terminator,FROST,ASSAULT
freedom-192,FROST,ASSAULT
ES-CON-FIELD,FROST,ASSAULT
NoboIe,DOC,SUPPORT
ATKLongGong,DOC,SUPPORT
Duddi,DOC,SUPPORT
MasturNayter,DOC,SUPPORT
Putins1Horn,DOC,SUPPORT
GhostNoCasper,DOC,SUPPORT
The_Testube_Baby,DOC,SUPPORT
JOS3PF,DOC,SUPPORT
jefesz,DOC,SUPPORT
Zed.Smurf,DOC,SUPPORT
Y0U...,DOC,SUPPORT
HongKongDoll-.,DOC,SUPPORT
Spoken Voltz,DOC,SUPPORT
AegisZ,DOC,SUPPORT
KOTOHIME-,DOC,SUPPORT
Lud0-R6Yt,DOC,SUPPORT
ChanGaEr-.,DOC,SUPPORT
Killa_BiIlz,DOC,SUPPORT
John_W1cK_,DOC,SUPPORT
Wozmetjou,DOC,SUPPORT
M0kA-,DOC,SUPPORT
nicopyon25,DOC,SUPPORT
MajorForde,DOC,SUPPORT
Kxrrxpted,DOC,SUPPORT
bogomol1987,DOC,SUPPORT
bougi420,DOC,SUPPORT
CosmicFlower1991,DOC,SUPPORT
FENRRIR-_-,DOC,SUPPORT
Sym Monster,DOC,SUPPORT
Derechapi,DOC,SUPPORT
FOMA-MOMO,DOC,SUPPORT
Slegendary.-,DOC,SUPPORT
Vipers.,DOC,SUPPORT
Hancoock_XVI,DOC,SUPPORT
Voyager.,DOC,SUPPORT
pwnwallius,HIBANA,ASSAULT
TREP-.,HIBANA,ASSAULT
TBatist,HIBANA,ASSAULT
lRIGaM0RTiz-vV,HIBANA,ASSAULT
Dragussy,HIBANA,ASSAULT
xBajii,HIBANA,ASSAULT
OneOldXia.,HIBANA,ASSAULT
Morphxeus,HIBANA,ASSAULT
To1n0juuu,HIBANA,ASSAULT
iDevilize,HIBANA,ASSAULT
WOW_IcantAIM_23,HIBANA,ASSAULT
Mjskaa,HIBANA,ASSAULT
Screamo Jon,HIBANA,ASSAULT
nuke__d,HIBANA,ASSAULT
AngWolf_SYG,HIBANA,ASSAULT
tgL.MetalBars,HIBANA,ASSAULT
wongtung2046,HIBANA,ASSAULT
W_E_M_3_,HIBANA,ASSAULT
TheAnimeWeeb,HIBANA,ASSAULT
HarIows,HIBANA,ASSAULT
Jujuman12,HIBANA,ASSAULT
Pandae-,HIBANA,ASSAULT
bahram.ffx,HIBANA,ASSAULT
Gingyl,HIBANA,ASSAULT
YuIdav,HIBANA,ASSAULT
Terrify,HIBANA,ASSAULT
ivanchan1107,HIBANA,ASSAULT
SamG309,HIBANA,ASSAULT
itsWobble,HIBANA,ASSAULT
BeciENTROPY,HIBANA,ASSAULT
bogomol1987,HIBANA,ASSAULT
MightyChicken007,HIBANA,ASSAULT
Fake-_-SmiIe,HIBANA,ASSAULT
OpposedAtom5503,HIBANA,ASSAULT
KervinJr,HIBANA,ASSAULT
WillyKat-,HIBANA,ASSAULT
I_Make_U_Spizy,HIBANA,ASSAULT
roomtempcoffee,HIBANA,ASSAULT
GlynFidditch,HIBANA,ASSAULT
Legalllyblind,HIBANA,ASSAULT
bSwiifty,HIBANA,ASSAULT
Maximum.Hits,HIBANA,ASSAULT
berbthechick,HIBANA,ASSAULT
AdrianS R6,HIBANA,ASSAULT
Alderon_,HIBANA,ASSAULT
Dimitar60,HIBANA,ASSAULT
Xhosa.UA,HIBANA,ASSAULT
FANG799,KAPKAN,ASSAULT
ElGiulio,KAPKAN,ASSAULT
SOG GUMBALL,KAPKAN,ASSAULT
DWEx ROBHOOD,KAPKAN,ASSAULT
xScxry7,KAPKAN,ASSAULT
KillerUnit82,KAPKAN,ASSAULT
Redskins Eze,KAPKAN,ASSAULT
sealsniper001,KAPKAN,ASSAULT
xXMikeyBoy15Xx,KAPKAN,ASSAULT
kinkistudx,KAPKAN,ASSAULT
MK-187,KAPKAN,ASSAULT
Screamo Jon,KAPKAN,ASSAULT
Spoken Voltz,KAPKAN,ASSAULT
TAC0V1K1NG,KAPKAN,ASSAULT
Nakaj1ma_youko,KAPKAN,ASSAULT
HIMLAR k11,KAPKAN,ASSAULT
Jacked_Estrada,KAPKAN,ASSAULT
faff_6500,KAPKAN,ASSAULT
HAVI94,KAPKAN,ASSAULT
attila penge,KAPKAN,ASSAULT
silverhunt27,KAPKAN,ASSAULT
Bagman.ACEs,KAPKAN,ASSAULT
tyswagger100,KAPKAN,ASSAULT
turko119,KAPKAN,ASSAULT
Il-ONAGA-Il,KAPKAN,ASSAULT
Agente_Bonder,KAPKAN,ASSAULT
PanInkoGnittO,KAPKAN,ASSAULT
SantaKJIAYC,KAPKAN,ASSAULT
KPEMEHb.,KAPKAN,ASSAULT
pNd.,KAPKAN,ASSAULT
wakemann77,KAPKAN,ASSAULT
YungLb34,KAPKAN,ASSAULT
MTO-Terminator,KAPKAN,ASSAULT
SurSideMex,KAPKAN,ASSAULT
vP1NK,KAPKAN,ASSAULT
frostyorb,THATCHER,ENGINEER
RAGEnaldo.144Hz,THATCHER,ENGINEER
KEISER,THATCHER,ENGINEER
LyzoIda,THATCHER,ENGINEER
EbyteYT,THATCHER,ENGINEER
starscrying,THATCHER,ENGINEER
SIR GQSMOOVE,THATCHER,ENGINEER
DustyKnackers,THATCHER,ENGINEER
Killinda,THATCHER,ENGINEER
MK-187,THATCHER,ENGINEER
R3Y MIST3RI0,THATCHER,ENGINEER
itxMor3,THATCHER,ENGINEER
LIFE IS 1964,THATCHER,ENGINEER
CQB BEAST322,THATCHER,ENGINEER
Spanishcow,THATCHER,ENGINEER
Spxrou,THATCHER,ENGINEER
handy0502,THATCHER,ENGINEER
CosmicFlower1991,THATCHER,ENGINEER
Sporadic Sully,THATCHER,ENGINEER
thamizinhaa,THATCHER,ENGINEER
IN O IR ID,THATCHER,ENGINEER
bSwiifty,THATCHER,ENGINEER
Qoo.-,THATCHER,ENGINEER
Dimitar60,THATCHER,ENGINEER
ES-CON-FIELD,THATCHER,ENGINEER
x7sam1,ACE,ASSAULT
C.M.E.T.A.H.K.A,ACE,ASSAULT
TOMITOMAnic,ACE,ASSAULT
MTNEERMAFIA,ACE,ASSAULT
itsWobble,ACE,ASSAULT
attila penge,ACE,ASSAULT
silverhunt27,ACE,ASSAULT
uncert,ACE,ASSAULT
Sinful Clash,ACE,ASSAULT
MacieJay,PULSE,RECON
SixStarMachine,PULSE,RECON
Insolint,PULSE,RECON
DUD3isNASTY,PULSE,RECON
M3AYDIN,PULSE,RECON
SHANTRAH,PULSE,RECON
lLennoxI,PULSE,RECON
LEVIJR2014,PULSE,RECON
Kaf-Sin-Kaf,PULSE,RECON
P4UL47EJ4N0,PULSE,RECON
Buqik,PULSE,RECON
ALiENSMOKEZ,PULSE,RECON
StannicLB,PULSE,RECON
jams_93,PULSE,RECON
Kapkan,PULSE,RECON
sharpshooter_00I,PULSE,RECON
Jacked_Estrada,PULSE,RECON
YvnqVenxia,PULSE,RECON
ElQaRAoUi,PULSE,RECON
YxsEclezya,PULSE,RECON
QK_RAMBITO,PULSE,RECON
SurSideMex,PULSE,RECON
x ranl x,FINKA,ASSAULT
HTX_Ru7h13zz,FINKA,ASSAULT
WhyMurdaa,FINKA,ASSAULT
DOUWATlKU,FINKA,ASSAULT
Kamelot.,FINKA,ASSAULT
GR8GAZOO74,FINKA,ASSAULT
SantaKJIAYC,FINKA,ASSAULT
YungLb34,FINKA,ASSAULT
TREP-.,JACKAL,RECON
ii30RY,JACKAL,RECON
JNiicks,JACKAL,RECON
rider-250r,JACKAL,RECON
MOR_MOHAMMAD,JACKAL,RECON
Revy minds,JACKAL,RECON
xScxry7,JACKAL,RECON
ChainsOfCorax,JACKAL,RECON
CoreLabRat,JACKAL,RECON
SchleK1nG,JACKAL,RECON
F-I-N-D-A-K-L-Y,JACKAL,RECON
kinkistudx,JACKAL,RECON
Rogu3..,JACKAL,RECON
ZEEROO94,JACKAL,RECON
AquaMocha805249,JACKAL,RECON
F-Y-Y-F-F,JACKAL,RECON
Kingmorhaf,JACKAL,RECON
sharpshooter_00I,JACKAL,RECON
bogomol1987,JACKAL,RECON
Jqku,JACKAL,RECON
bougi420,JACKAL,RECON
FortyS.,JACKAL,RECON
Love Killin,JACKAL,RECON
xSp1derp1gxx,JACKAL,RECON
A1anware,JACKAL,RECON
Mlctlan,JACKAL,RECON
Hidenori_Saitou,MIRA,RECON
W_E_M_3_,MIRA,RECON
InternaIPrimates,MIRA,RECON
gup_mako_,SAS,ASSAULT
tqguuuu-nikukai,SAS,ASSAULT
ANCELLM,SAS,ASSAULT
USAVICH_GAMETIME,SAS,ASSAULT
x.C.H.R.I.S.x,ZOFIA,ASSAULT
ROG_TiTaN,ZOFIA,ASSAULT
M9.-,ZOFIA,ASSAULT
Xyliganka_,ZOFIA,ASSAULT
inf9mous,ZOFIA,ASSAULT
JOS3PF,ZOFIA,ASSAULT
Uncle-Zet,ZOFIA,ASSAULT
Misimoi,ZOFIA,ASSAULT
xSako7,ZOFIA,ASSAULT
ccdoc7556,ZOFIA,ASSAULT
KOTOHIME-,ZOFIA,ASSAULT
NAzgaf,ZOFIA,ASSAULT
TxLvi,ZOFIA,ASSAULT
byALEX05,ZOFIA,ASSAULT
iGhosTiz_,ZOFIA,ASSAULT
StandALOne98,ZOFIA,ASSAULT
PGC_CrazyTornado,ZOFIA,ASSAULT
khaIeo,ZOFIA,ASSAULT
Crystal.Cc,ZOFIA,ASSAULT
CR7BaiYe,ZOFIA,ASSAULT
yRavxnz,ZOFIA,ASSAULT
DonzokoNoRyu,ZOFIA,ASSAULT
YuJiN_-AN,ZOFIA,ASSAULT
ll_Best_Grey_ll,ZOFIA,ASSAULT
bloo_831,ZOFIA,ASSAULT
xItsLit,ZOFIA,ASSAULT
x ranl x,IQ,RECON
OGofSiege,IQ,RECON
Retro vs Geek,IQ,RECON
QueenMeep.,IQ,RECON
MAIK--DEVED,IQ,RECON
JohnThysen,IQ,RECON
PeachMint,IQ,RECON
GunningGuru,IQ,RECON
WillyKat-,IQ,RECON
Bruh_Nate_,IQ,RECON
II VxGETA II,GRIDLOCK,SUPPORT
Justinmillares,GRIDLOCK,SUPPORT
Agente_Bonder,GRIDLOCK,SUPPORT
wakemann77,GRIDLOCK,SUPPORT
Praughdigy,BLACKBEARD,SUPPORT
Killa_BiIlz,BLACKBEARD,SUPPORT
byALEX05,BLACKBEARD,SUPPORT
Mapama_,BLACKBEARD,SUPPORT
T3J.Stilnox,BLACKBEARD,SUPPORT
TestierGraph,BLACKBEARD,SUPPORT
Philias.,BLACKBEARD,SUPPORT
Desmer.,MONTAGNE,RECON
ShadowReach8837,MONTAGNE,RECON
Montagne_R6s_,MONTAGNE,RECON
MRcredo7,MONTAGNE,RECON
Sinful Clash,MONTAGNE,RECON
ii30RY,FUZE,ENGINEER
SOG GUMBALL,FUZE,ENGINEER
kill_th-Devil,FUZE,ENGINEER
sealsniper001,FUZE,ENGINEER
SIR GQSMOOVE,FUZE,ENGINEER
POKRAK_77,FUZE,ENGINEER
TAC0V1K1NG,FUZE,ENGINEER
TiM-_-CliO,FUZE,ENGINEER
Mickellini,FUZE,ENGINEER
faff_6500,FUZE,ENGINEER
Flip Albatroz7,FUZE,ENGINEER
heIpsy,FUZE,ENGINEER
attila penge,FUZE,ENGINEER
Noobasina,FUZE,ENGINEER
turko119,FUZE,ENGINEER
VillainInBlue,FUZE,ENGINEER
Agente_Bonder,FUZE,ENGINEER
X Goblin7,FUZE,ENGINEER
SantaKJIAYC,FUZE,ENGINEER
ICONA POP 420,FUZE,ENGINEER
pasucu68,FUZE,ENGINEER
Maximum.Hits,FUZE,ENGINEER
wakemann77,FUZE,ENGINEER
TheMechanic911,FUZE,ENGINEER
MTO-Terminator,FUZE,ENGINEER
SpookyKoolaidz,GLAZ,RECON
MR BUNGLE 1991,GLAZ,RECON
AquaMocha805249,GLAZ,RECON
F-Y-Y-F-F,GLAZ,RECON
PIMMELPOLIZEI,GLAZ,RECON
CR7BaiYe,GLAZ,RECON
QKapwn,GLAZ,RECON
gup_mako_,FBI SWAT,ASSAULT
Spanishcow,FBI SWAT,ASSAULT
tqguuuu-nikukai,FBI SWAT,ASSAULT
nicopyon25,FBI SWAT,ASSAULT
DOUWATlKU,FBI SWAT,ASSAULT
ReesesAreGoodOMG,FBI SWAT,ASSAULT
USAVICH_GAMETIME,FBI SWAT,ASSAULT
ccdoc7556,CASTLE,ASSAULT
Arikaras72,CASTLE,ASSAULT
InternaIPrimates,CASTLE,ASSAULT
tyswagger100,CASTLE,ASSAULT
ICONA POP 420,ORYX,SUPPORT
kill_th-Devil,CLASH,RECON
TestierGraph,CLASH,RECON
Sinful Clash,CLASH,RECON
berbthechick,WARDEN,RECON
GOWPIE,NOMAD,ASSAULT
Hidenori_Saitou,KALI,ENGINEER
JohnThysen,KALI,ENGINEER
John_W1cK_,AMARU,ASSAULT
Qoaa KiX,AMARU,ASSAULT
Flip Albatroz7,TACHANKA,ASSAULT
heIpsy,CAPITÃO,ASSAULT
DeleteShift,CAPITÃO,ASSAULT
pNd.,CAPITÃO,ASSAULT
MajesticLW,MAVERICK,ASSAULT
DonzokoNoRyu,ALIBI,RECON
ZootvonKlaus,DOKKAEBI,RECON
Alderon_,DOKKAEBI,RECON
Misimoi,THUNDERBIRD,SUPPORT
Fenosrov,MOZZIE,RECON
DonzokoNoRyu,MOZZIE,RECON
RepIjcator,IANA,RECON
itsWobble,MELUSI,RECON
DOUWATlKU,LION,RECON
kakkymedtech,MAESTRO,RECON
Apple.26,MAESTRO,RECON
stilscratchin,MACKAY,ASSAULT
daroadaszi,MACKAY,ASSAULT
Koupe2Cheveux,MACKAY,ASSAULT
LastTourist,MACKAY,ASSAULT
JohnTrabutta,MACKAY,ASSAULT
Rudeb0yRonin,MACKAY,ASSAULT
daroadaszi,LIS,ENGINEER
LastTourist,LIS,ENGINEER
stilscratchin,FALCK,SUPPORT
daroadaszi,FALCK,SUPPORT
JohnTrabutta,FALCK,SUPPORT
Koupe2Cheveux,SUNDANCE,ASSAULT
BadBoys-Admin,SUNDANCE,ASSAULT
JohnTrabutta,SUNDANCE,ASSAULT
Rudeb0yRonin,SUNDANCE,ASSAULT
BadBoys-Admin,CRAWFORD,ENGINEER
xWORF5x,CRAWFORD,ENGINEER
stilscratchin,ANGEL,SUPPORT
BadBoys-Admin,ANGEL,SUPPORT
xWORF5x,ANGEL,SUPPORT
Rudeb0yRonin,ANGEL,SUPPORT
Koupe2Cheveux,BORIS,ENGINEER
LastTourist,BORIS,ENGINEER
xWORF5x,BORIS,ENGINEER
